,drug,disease,label
0,475.0,43.0,1.0
1,571.0,224.0,1.0
2,255.0,174.0,1.0
3,63.0,134.0,1.0
4,110.0,41.0,1.0
5,198.0,130.0,1.0
6,395.0,359.0,1.0
7,358.0,184.0,1.0
8,396.0,405.0,1.0
9,241.0,24.0,1.0
10,247.0,99.0,1.0
11,3.0,42.0,1.0
12,131.0,163.0,1.0
13,181.0,99.0,1.0
14,376.0,40.0,1.0
15,171.0,316.0,1.0
16,333.0,99.0,1.0
17,346.0,347.0,1.0
18,612.0,321.0,1.0
19,213.0,277.0,1.0
20,402.0,196.0,1.0
21,354.0,128.0,1.0
22,468.0,114.0,1.0
23,521.0,362.0,1.0
24,551.0,344.0,1.0
25,533.0,40.0,1.0
26,401.0,132.0,1.0
27,23.0,80.0,1.0
28,262.0,298.0,1.0
29,418.0,358.0,1.0
30,141.0,405.0,1.0
31,311.0,7.0,1.0
32,413.0,313.0,1.0
33,512.0,124.0,1.0
34,500.0,249.0,1.0
35,482.0,43.0,1.0
36,600.0,88.0,1.0
37,312.0,99.0,1.0
38,395.0,362.0,1.0
39,49.0,210.0,1.0
40,516.0,83.0,1.0
41,578.0,183.0,1.0
42,205.0,390.0,1.0
43,658.0,359.0,1.0
44,180.0,279.0,1.0
45,293.0,362.0,1.0
46,343.0,371.0,1.0
47,509.0,303.0,1.0
48,383.0,359.0,1.0
49,455.0,369.0,1.0
50,430.0,328.0,1.0
51,36.0,392.0,1.0
52,109.0,392.0,1.0
53,635.0,149.0,1.0
54,367.0,392.0,1.0
55,104.0,81.0,1.0
56,245.0,405.0,1.0
57,363.0,308.0,1.0
58,583.0,24.0,1.0
59,608.0,392.0,1.0
60,142.0,342.0,1.0
61,39.0,372.0,1.0
62,278.0,221.0,1.0
63,257.0,199.0,1.0
64,520.0,332.0,1.0
65,355.0,275.0,1.0
66,456.0,24.0,1.0
67,453.0,19.0,1.0
68,303.0,5.0,1.0
69,136.0,124.0,1.0
70,242.0,127.0,1.0
71,461.0,99.0,1.0
72,64.0,67.0,1.0
73,359.0,8.0,1.0
74,588.0,312.0,1.0
75,571.0,144.0,1.0
76,498.0,187.0,1.0
77,0.0,48.0,1.0
78,141.0,88.0,1.0
79,598.0,280.0,1.0
80,572.0,124.0,1.0
81,326.0,149.0,1.0
82,41.0,269.0,1.0
83,116.0,298.0,1.0
84,301.0,328.0,1.0
85,358.0,53.0,1.0
86,339.0,36.0,1.0
87,140.0,300.0,1.0
88,80.0,72.0,1.0
89,301.0,308.0,1.0
90,275.0,316.0,1.0
91,453.0,224.0,1.0
92,205.0,364.0,1.0
93,461.0,385.0,1.0
94,213.0,224.0,1.0
95,461.0,1.0,1.0
96,286.0,99.0,1.0
97,309.0,122.0,1.0
98,183.0,146.0,1.0
99,464.0,39.0,1.0
100,304.0,124.0,1.0
101,401.0,341.0,1.0
102,199.0,237.0,1.0
103,50.0,381.0,1.0
104,275.0,288.0,1.0
105,617.0,134.0,1.0
106,14.0,130.0,1.0
107,624.0,48.0,1.0
108,406.0,99.0,1.0
109,122.0,405.0,1.0
110,486.0,342.0,1.0
111,105.0,344.0,1.0
112,422.0,314.0,1.0
113,87.0,306.0,1.0
114,588.0,390.0,1.0
115,55.0,401.0,1.0
116,637.0,245.0,1.0
117,69.0,27.0,1.0
118,1.0,171.0,1.0
119,254.0,135.0,1.0
120,285.0,322.0,1.0
121,343.0,322.0,1.0
122,430.0,335.0,1.0
123,170.0,200.0,1.0
124,260.0,21.0,1.0
125,66.0,199.0,1.0
126,268.0,183.0,1.0
127,459.0,244.0,1.0
128,431.0,24.0,1.0
129,128.0,275.0,1.0
130,407.0,251.0,1.0
131,113.0,294.0,1.0
132,651.0,359.0,1.0
133,493.0,375.0,1.0
134,80.0,279.0,1.0
135,19.0,342.0,1.0
136,534.0,132.0,1.0
137,190.0,128.0,1.0
138,528.0,244.0,1.0
139,175.0,362.0,1.0
140,440.0,405.0,1.0
141,22.0,3.0,1.0
142,591.0,269.0,1.0
143,136.0,68.0,1.0
144,254.0,364.0,1.0
145,615.0,405.0,1.0
146,68.0,280.0,1.0
147,662.0,339.0,1.0
148,36.0,1.0,1.0
149,22.0,268.0,1.0
150,573.0,334.0,1.0
151,243.0,157.0,1.0
152,275.0,107.0,1.0
153,564.0,334.0,1.0
154,275.0,355.0,1.0
155,90.0,277.0,1.0
156,484.0,105.0,1.0
157,382.0,224.0,1.0
158,395.0,347.0,1.0
159,288.0,334.0,1.0
160,367.0,128.0,1.0
161,9.0,282.0,1.0
162,253.0,183.0,1.0
163,498.0,374.0,1.0
164,573.0,68.0,1.0
165,265.0,99.0,1.0
166,295.0,289.0,1.0
167,514.0,405.0,1.0
168,22.0,310.0,1.0
169,413.0,397.0,1.0
170,241.0,54.0,1.0
171,552.0,180.0,1.0
172,423.0,255.0,1.0
173,283.0,99.0,1.0
174,420.0,325.0,1.0
175,383.0,183.0,1.0
176,369.0,228.0,1.0
177,501.0,359.0,1.0
178,292.0,382.0,1.0
179,662.0,207.0,1.0
180,564.0,68.0,1.0
181,250.0,405.0,1.0
182,255.0,405.0,1.0
183,584.0,89.0,1.0
184,331.0,163.0,1.0
185,486.0,136.0,1.0
186,331.0,120.0,1.0
187,37.0,124.0,1.0
188,129.0,224.0,1.0
189,239.0,99.0,1.0
190,430.0,181.0,1.0
191,650.0,359.0,1.0
192,173.0,183.0,1.0
193,106.0,287.0,1.0
194,506.0,100.0,1.0
195,72.0,1.0,1.0
196,662.0,290.0,1.0
197,444.0,405.0,1.0
198,289.0,197.0,1.0
199,30.0,123.0,1.0
200,160.0,40.0,1.0
201,503.0,347.0,1.0
202,50.0,289.0,1.0
203,21.0,394.0,1.0
204,465.0,183.0,1.0
205,438.0,280.0,1.0
206,449.0,306.0,1.0
207,445.0,261.0,1.0
208,248.0,382.0,1.0
209,202.0,291.0,1.0
210,275.0,358.0,1.0
211,569.0,385.0,1.0
212,409.0,334.0,1.0
213,227.0,224.0,1.0
214,193.0,378.0,1.0
215,500.0,248.0,1.0
216,513.0,99.0,1.0
217,646.0,145.0,1.0
218,501.0,100.0,1.0
219,420.0,99.0,1.0
220,358.0,352.0,1.0
221,248.0,1.0,1.0
222,140.0,193.0,1.0
223,163.0,383.0,1.0
224,252.0,73.0,1.0
225,357.0,36.0,1.0
226,125.0,117.0,1.0
227,502.0,130.0,1.0
228,145.0,312.0,1.0
229,1.0,57.0,1.0
230,229.0,25.0,1.0
231,548.0,340.0,1.0
232,596.0,280.0,1.0
233,442.0,124.0,1.0
234,72.0,136.0,1.0
235,461.0,352.0,1.0
236,209.0,163.0,1.0
237,322.0,12.0,1.0
238,551.0,99.0,1.0
239,9.0,130.0,1.0
240,387.0,196.0,1.0
241,29.0,44.0,1.0
242,86.0,125.0,1.0
243,392.0,396.0,1.0
244,397.0,177.0,1.0
245,559.0,136.0,1.0
246,135.0,325.0,1.0
247,624.0,11.0,1.0
248,467.0,183.0,1.0
249,597.0,271.0,1.0
250,633.0,355.0,1.0
251,643.0,136.0,1.0
252,74.0,358.0,1.0
253,214.0,405.0,1.0
254,11.0,392.0,1.0
255,356.0,181.0,1.0
256,455.0,364.0,1.0
257,239.0,358.0,1.0
258,252.0,103.0,1.0
259,315.0,259.0,1.0
260,652.0,371.0,1.0
261,133.0,48.0,1.0
262,267.0,50.0,1.0
263,39.0,137.0,1.0
264,98.0,405.0,1.0
265,87.0,130.0,1.0
266,269.0,405.0,1.0
267,383.0,396.0,1.0
268,71.0,21.0,1.0
269,551.0,122.0,1.0
270,138.0,309.0,1.0
271,571.0,331.0,1.0
272,405.0,164.0,1.0
273,0.0,144.0,1.0
274,326.0,152.0,1.0
275,363.0,157.0,1.0
276,245.0,21.0,1.0
277,180.0,72.0,1.0
278,83.0,280.0,1.0
279,462.0,24.0,1.0
280,110.0,143.0,1.0
281,633.0,107.0,1.0
282,253.0,359.0,1.0
283,211.0,89.0,1.0
284,630.0,267.0,1.0
285,543.0,133.0,1.0
286,415.0,44.0,1.0
287,138.0,344.0,1.0
288,299.0,405.0,1.0
289,22.0,301.0,1.0
290,379.0,222.0,1.0
291,349.0,151.0,1.0
292,647.0,360.0,1.0
293,550.0,405.0,1.0
294,488.0,235.0,1.0
295,399.0,276.0,1.0
296,497.0,28.0,1.0
297,508.0,341.0,1.0
298,658.0,358.0,1.0
299,505.0,19.0,1.0
300,494.0,148.0,1.0
301,471.0,89.0,1.0
302,227.0,330.0,1.0
303,437.0,168.0,1.0
304,443.0,371.0,1.0
305,490.0,354.0,1.0
306,603.0,40.0,1.0
307,486.0,364.0,1.0
308,163.0,217.0,1.0
309,395.0,371.0,1.0
310,358.0,386.0,1.0
311,590.0,125.0,1.0
312,593.0,133.0,1.0
313,387.0,271.0,1.0
314,132.0,100.0,1.0
315,219.0,146.0,1.0
316,367.0,181.0,1.0
317,588.0,309.0,1.0
318,376.0,318.0,1.0
319,1.0,39.0,1.0
320,43.0,405.0,1.0
321,430.0,350.0,1.0
322,621.0,89.0,1.0
323,297.0,37.0,1.0
324,162.0,41.0,1.0
325,263.0,392.0,1.0
326,319.0,359.0,1.0
327,402.0,251.0,1.0
328,70.0,19.0,1.0
329,261.0,168.0,1.0
330,242.0,47.0,1.0
331,121.0,365.0,1.0
332,297.0,357.0,1.0
333,377.0,342.0,1.0
334,229.0,12.0,1.0
335,166.0,81.0,1.0
336,261.0,85.0,1.0
337,131.0,124.0,1.0
338,498.0,296.0,1.0
339,505.0,280.0,1.0
340,105.0,135.0,1.0
341,241.0,186.0,1.0
342,61.0,280.0,1.0
343,54.0,405.0,1.0
344,205.0,135.0,1.0
345,71.0,124.0,1.0
346,412.0,28.0,1.0
347,540.0,362.0,1.0
348,161.0,37.0,1.0
349,662.0,348.0,1.0
350,609.0,183.0,1.0
351,660.0,345.0,1.0
352,267.0,399.0,1.0
353,434.0,379.0,1.0
354,247.0,73.0,1.0
355,248.0,124.0,1.0
356,658.0,347.0,1.0
357,224.0,22.0,1.0
358,109.0,73.0,1.0
359,99.0,37.0,1.0
360,341.0,25.0,1.0
361,541.0,219.0,1.0
362,439.0,16.0,1.0
363,244.0,277.0,1.0
364,312.0,174.0,1.0
365,275.0,359.0,1.0
366,335.0,362.0,1.0
367,1.0,284.0,1.0
368,67.0,358.0,1.0
369,418.0,359.0,1.0
370,600.0,405.0,1.0
371,521.0,358.0,1.0
372,368.0,183.0,1.0
373,89.0,76.0,1.0
374,205.0,370.0,1.0
375,382.0,274.0,1.0
376,533.0,318.0,1.0
377,608.0,128.0,1.0
378,138.0,364.0,1.0
379,362.0,298.0,1.0
380,28.0,322.0,1.0
381,236.0,170.0,1.0
382,138.0,259.0,1.0
383,179.0,68.0,1.0
384,643.0,364.0,1.0
385,167.0,362.0,1.0
386,34.0,1.0,1.0
387,367.0,73.0,1.0
388,621.0,99.0,1.0
389,49.0,262.0,1.0
390,267.0,345.0,1.0
391,169.0,152.0,1.0
392,267.0,331.0,1.0
393,462.0,345.0,1.0
394,594.0,405.0,1.0
395,203.0,40.0,1.0
396,358.0,162.0,1.0
397,498.0,292.0,1.0
398,315.0,312.0,1.0
399,532.0,163.0,1.0
400,482.0,41.0,1.0
401,393.0,124.0,1.0
402,542.0,99.0,1.0
403,446.0,347.0,1.0
404,662.0,42.0,1.0
405,447.0,79.0,1.0
406,514.0,269.0,1.0
407,500.0,133.0,1.0
408,619.0,241.0,1.0
409,577.0,99.0,1.0
410,587.0,131.0,1.0
411,65.0,320.0,1.0
412,72.0,135.0,1.0
413,227.0,239.0,1.0
414,171.0,196.0,1.0
415,462.0,331.0,1.0
416,186.0,99.0,1.0
417,568.0,134.0,1.0
418,86.0,49.0,1.0
419,598.0,208.0,1.0
420,486.0,357.0,1.0
421,592.0,84.0,1.0
422,493.0,243.0,1.0
423,105.0,390.0,1.0
424,340.0,358.0,1.0
425,159.0,149.0,1.0
426,496.0,149.0,1.0
427,71.0,404.0,1.0
428,95.0,65.0,1.0
429,500.0,376.0,1.0
430,72.0,390.0,1.0
431,413.0,199.0,1.0
432,372.0,325.0,1.0
433,484.0,166.0,1.0
434,602.0,222.0,1.0
435,142.0,9.0,1.0
436,446.0,362.0,1.0
437,596.0,65.0,1.0
438,189.0,174.0,1.0
439,161.0,136.0,1.0
440,248.0,67.0,1.0
441,477.0,405.0,1.0
442,135.0,89.0,1.0
443,154.0,247.0,1.0
444,142.0,369.0,1.0
445,292.0,29.0,1.0
446,387.0,335.0,1.0
447,461.0,386.0,1.0
448,490.0,408.0,1.0
449,591.0,124.0,1.0
450,268.0,100.0,1.0
451,461.0,81.0,1.0
452,643.0,1.0,1.0
453,307.0,251.0,1.0
454,267.0,389.0,1.0
455,183.0,124.0,1.0
456,141.0,36.0,1.0
457,561.0,405.0,1.0
458,459.0,147.0,1.0
459,90.0,224.0,1.0
460,339.0,308.0,1.0
461,633.0,335.0,1.0
462,148.0,135.0,1.0
463,478.0,18.0,1.0
464,400.0,401.0,1.0
465,13.0,285.0,1.0
466,2.0,107.0,1.0
467,87.0,197.0,1.0
468,145.0,344.0,1.0
469,363.0,328.0,1.0
470,471.0,376.0,1.0
471,12.0,310.0,1.0
472,453.0,272.0,1.0
473,596.0,114.0,1.0
474,8.0,173.0,1.0
475,490.0,342.0,1.0
476,44.0,157.0,1.0
477,214.0,94.0,1.0
478,248.0,81.0,1.0
479,353.0,197.0,1.0
480,328.0,347.0,1.0
481,247.0,392.0,1.0
482,275.0,106.0,1.0
483,407.0,316.0,1.0
484,218.0,99.0,1.0
485,153.0,26.0,1.0
486,209.0,18.0,1.0
487,652.0,358.0,1.0
488,287.0,199.0,1.0
489,460.0,62.0,1.0
490,613.0,199.0,1.0
491,72.0,364.0,1.0
492,124.0,331.0,1.0
493,273.0,132.0,1.0
494,377.0,9.0,1.0
495,64.0,149.0,1.0
496,145.0,370.0,1.0
497,275.0,5.0,1.0
498,358.0,199.0,1.0
499,464.0,182.0,1.0
500,323.0,161.0,1.0
501,248.0,159.0,1.0
502,625.0,371.0,1.0
503,510.0,297.0,1.0
504,5.0,73.0,1.0
505,486.0,370.0,1.0
506,588.0,136.0,1.0
507,312.0,311.0,1.0
508,93.0,60.0,1.0
509,637.0,280.0,1.0
510,402.0,405.0,1.0
511,29.0,164.0,1.0
512,430.0,117.0,1.0
513,254.0,136.0,1.0
514,575.0,140.0,1.0
515,270.0,149.0,1.0
516,450.0,331.0,1.0
517,572.0,112.0,1.0
518,166.0,135.0,1.0
519,241.0,65.0,1.0
520,430.0,355.0,1.0
521,14.0,268.0,1.0
522,166.0,309.0,1.0
523,542.0,76.0,1.0
524,370.0,124.0,1.0
525,517.0,190.0,1.0
526,172.0,305.0,1.0
527,299.0,88.0,1.0
528,318.0,153.0,1.0
529,511.0,362.0,1.0
530,387.0,298.0,1.0
531,413.0,352.0,1.0
532,94.0,168.0,1.0
533,485.0,404.0,1.0
534,290.0,67.0,1.0
535,251.0,314.0,1.0
536,623.0,99.0,1.0
537,245.0,289.0,1.0
538,570.0,162.0,1.0
539,275.0,154.0,1.0
540,287.0,240.0,1.0
541,67.0,359.0,1.0
542,540.0,371.0,1.0
543,85.0,318.0,1.0
544,309.0,117.0,1.0
545,399.0,153.0,1.0
546,559.0,135.0,1.0
547,387.0,280.0,1.0
548,202.0,8.0,1.0
549,560.0,38.0,1.0
550,455.0,259.0,1.0
551,217.0,196.0,1.0
552,551.0,312.0,1.0
553,200.0,334.0,1.0
554,375.0,371.0,1.0
555,12.0,130.0,1.0
556,171.0,251.0,1.0
557,583.0,101.0,1.0
558,193.0,243.0,1.0
559,60.0,89.0,1.0
560,346.0,358.0,1.0
561,190.0,73.0,1.0
562,75.0,117.0,1.0
563,464.0,405.0,1.0
564,251.0,18.0,1.0
565,400.0,145.0,1.0
566,358.0,273.0,1.0
567,377.0,391.0,1.0
568,162.0,40.0,1.0
569,238.0,149.0,1.0
570,368.0,188.0,1.0
571,413.0,228.0,1.0
572,587.0,358.0,1.0
573,203.0,41.0,1.0
574,169.0,394.0,1.0
575,502.0,61.0,1.0
576,455.0,134.0,1.0
577,651.0,347.0,1.0
578,227.0,247.0,1.0
579,656.0,202.0,1.0
580,643.0,390.0,1.0
581,61.0,44.0,1.0
582,275.0,208.0,1.0
583,313.0,3.0,1.0
584,429.0,392.0,1.0
585,206.0,99.0,1.0
586,455.0,357.0,1.0
587,235.0,280.0,1.0
588,145.0,135.0,1.0
589,464.0,316.0,1.0
590,292.0,404.0,1.0
591,255.0,146.0,1.0
592,587.0,156.0,1.0
593,436.0,396.0,1.0
594,78.0,183.0,1.0
595,99.0,354.0,1.0
596,397.0,251.0,1.0
597,103.0,379.0,1.0
598,356.0,89.0,1.0
599,297.0,10.0,1.0
600,19.0,369.0,1.0
601,118.0,100.0,1.0
602,204.0,124.0,1.0
603,305.0,138.0,1.0
604,625.0,359.0,1.0
605,143.0,188.0,1.0
606,383.0,89.0,1.0
607,154.0,280.0,1.0
608,275.0,97.0,1.0
609,397.0,196.0,1.0
610,574.0,17.0,1.0
611,288.0,68.0,1.0
612,40.0,73.0,1.0
613,71.0,382.0,1.0
614,85.0,40.0,1.0
615,1.0,323.0,1.0
616,569.0,397.0,1.0
617,150.0,362.0,1.0
618,252.0,392.0,1.0
619,610.0,181.0,1.0
620,388.0,73.0,1.0
621,587.0,362.0,1.0
622,275.0,178.0,1.0
623,369.0,199.0,1.0
624,253.0,362.0,1.0
625,166.0,163.0,1.0
626,25.0,405.0,1.0
627,500.0,128.0,1.0
628,179.0,69.0,1.0
629,157.0,371.0,1.0
630,290.0,88.0,1.0
631,412.0,404.0,1.0
632,119.0,382.0,1.0
633,654.0,362.0,1.0
634,571.0,19.0,1.0
635,588.0,344.0,1.0
636,477.0,124.0,1.0
637,145.0,259.0,1.0
638,369.0,98.0,1.0
639,152.0,297.0,1.0
640,317.0,183.0,1.0
641,499.0,40.0,1.0
642,422.0,298.0,1.0
643,462.0,274.0,1.0
644,307.0,188.0,1.0
645,525.0,146.0,1.0
646,411.0,396.0,1.0
647,430.0,13.0,1.0
648,659.0,367.0,1.0
649,414.0,318.0,1.0
650,163.0,393.0,1.0
651,502.0,94.0,1.0
652,369.0,234.0,1.0
653,351.0,184.0,1.0
654,435.0,379.0,1.0
655,29.0,160.0,1.0
656,23.0,328.0,1.0
657,19.0,9.0,1.0
658,268.0,139.0,1.0
659,384.0,280.0,1.0
660,251.0,298.0,1.0
661,559.0,370.0,1.0
662,227.0,272.0,1.0
663,391.0,332.0,1.0
664,90.0,113.0,1.0
665,576.0,198.0,1.0
666,109.0,117.0,1.0
667,141.0,146.0,1.0
668,268.0,359.0,1.0
669,331.0,37.0,1.0
670,423.0,238.0,1.0
671,606.0,367.0,1.0
672,88.0,69.0,1.0
673,230.0,243.0,1.0
674,455.0,390.0,1.0
675,556.0,239.0,1.0
676,146.0,100.0,1.0
677,356.0,243.0,1.0
678,603.0,43.0,1.0
679,389.0,298.0,1.0
680,252.0,128.0,1.0
681,176.0,224.0,1.0
682,262.0,18.0,1.0
683,35.0,267.0,1.0
684,603.0,318.0,1.0
685,192.0,322.0,1.0
686,550.0,124.0,1.0
687,103.0,117.0,1.0
688,152.0,100.0,1.0
689,102.0,89.0,1.0
690,437.0,351.0,1.0
691,297.0,369.0,1.0
692,621.0,128.0,1.0
693,305.0,219.0,1.0
694,47.0,163.0,1.0
695,101.0,99.0,1.0
696,352.0,378.0,1.0
697,277.0,100.0,1.0
698,275.0,78.0,1.0
699,555.0,345.0,1.0
700,117.0,347.0,1.0
701,7.0,230.0,1.0
702,581.0,278.0,1.0
703,551.0,135.0,1.0
704,369.0,316.0,1.0
705,462.0,65.0,1.0
706,332.0,358.0,1.0
707,516.0,80.0,1.0
708,571.0,272.0,1.0
709,95.0,20.0,1.0
710,296.0,41.0,1.0
711,14.0,232.0,1.0
712,222.0,8.0,1.0
713,184.0,76.0,1.0
714,290.0,124.0,1.0
715,342.0,279.0,1.0
716,533.0,43.0,1.0
717,205.0,344.0,1.0
718,351.0,293.0,1.0
719,607.0,405.0,1.0
720,609.0,322.0,1.0
721,109.0,56.0,1.0
722,500.0,73.0,1.0
723,101.0,396.0,1.0
724,178.0,163.0,1.0
725,86.0,133.0,1.0
726,390.0,358.0,1.0
727,99.0,8.0,1.0
728,375.0,359.0,1.0
729,574.0,99.0,1.0
730,569.0,293.0,1.0
731,152.0,267.0,1.0
732,329.0,183.0,1.0
733,94.0,48.0,1.0
734,127.0,99.0,1.0
735,72.0,259.0,1.0
736,163.0,254.0,1.0
737,113.0,149.0,1.0
738,377.0,408.0,1.0
739,70.0,272.0,1.0
740,75.0,303.0,1.0
741,241.0,245.0,1.0
742,455.0,391.0,1.0
743,42.0,404.0,1.0
744,131.0,18.0,1.0
745,564.0,124.0,1.0
746,223.0,183.0,1.0
747,334.0,99.0,1.0
748,50.0,377.0,1.0
749,241.0,218.0,1.0
750,244.0,156.0,1.0
751,645.0,365.0,1.0
752,559.0,344.0,1.0
753,387.0,402.0,1.0
754,413.0,293.0,1.0
755,119.0,404.0,1.0
756,561.0,124.0,1.0
757,172.0,340.0,1.0
758,116.0,314.0,1.0
759,254.0,312.0,1.0
760,454.0,94.0,1.0
761,145.0,37.0,1.0
762,248.0,76.0,1.0
763,253.0,371.0,1.0
764,417.0,117.0,1.0
765,521.0,359.0,1.0
766,627.0,123.0,1.0
767,86.0,378.0,1.0
768,14.0,301.0,1.0
769,551.0,174.0,1.0
770,649.0,148.0,1.0
771,170.0,366.0,1.0
772,14.0,93.0,1.0
773,448.0,328.0,1.0
774,614.0,149.0,1.0
775,387.0,97.0,1.0
776,321.0,401.0,1.0
777,109.0,346.0,1.0
778,402.0,94.0,1.0
779,174.0,24.0,1.0
780,529.0,40.0,1.0
781,354.0,73.0,1.0
782,660.0,399.0,1.0
783,569.0,386.0,1.0
784,50.0,117.0,1.0
785,171.0,405.0,1.0
786,462.0,280.0,1.0
787,343.0,358.0,1.0
788,260.0,118.0,1.0
789,574.0,8.0,1.0
790,292.0,405.0,1.0
791,21.0,209.0,1.0
792,559.0,134.0,1.0
793,238.0,199.0,1.0
794,368.0,322.0,1.0
795,576.0,336.0,1.0
796,217.0,124.0,1.0
797,463.0,379.0,1.0
798,470.0,399.0,1.0
799,263.0,181.0,1.0
800,1.0,299.0,1.0
801,440.0,124.0,1.0
802,617.0,135.0,1.0
803,84.0,371.0,1.0
804,503.0,362.0,1.0
805,451.0,322.0,1.0
806,30.0,361.0,1.0
807,149.0,36.0,1.0
808,353.0,24.0,1.0
809,226.0,99.0,1.0
810,305.0,112.0,1.0
811,225.0,89.0,1.0
812,176.0,239.0,1.0
813,303.0,243.0,1.0
814,247.0,376.0,1.0
815,367.0,56.0,1.0
816,587.0,196.0,1.0
817,254.0,370.0,1.0
818,228.0,94.0,1.0
819,351.0,313.0,1.0
820,360.0,124.0,1.0
821,115.0,359.0,1.0
822,382.0,114.0,1.0
823,36.0,128.0,1.0
824,542.0,133.0,1.0
825,506.0,89.0,1.0
826,307.0,177.0,1.0
827,504.0,16.0,1.0
828,579.0,183.0,1.0
829,330.0,15.0,1.0
830,97.0,382.0,1.0
831,170.0,371.0,1.0
832,349.0,280.0,1.0
833,142.0,391.0,1.0
834,169.0,89.0,1.0
835,452.0,11.0,1.0
836,438.0,20.0,1.0
837,358.0,52.0,1.0
838,480.0,405.0,1.0
839,164.0,196.0,1.0
840,546.0,405.0,1.0
841,661.0,371.0,1.0
842,226.0,323.0,1.0
843,426.0,38.0,1.0
844,9.0,93.0,1.0
845,241.0,224.0,1.0
846,526.0,28.0,1.0
847,238.0,365.0,1.0
848,275.0,402.0,1.0
849,150.0,183.0,1.0
850,595.0,347.0,1.0
851,518.0,65.0,1.0
852,87.0,144.0,1.0
853,208.0,392.0,1.0
854,53.0,41.0,1.0
855,294.0,334.0,1.0
856,268.0,102.0,1.0
857,662.0,333.0,1.0
858,507.0,83.0,1.0
859,152.0,396.0,1.0
860,83.0,247.0,1.0
861,145.0,136.0,1.0
862,430.0,73.0,1.0
863,613.0,228.0,1.0
864,161.0,370.0,1.0
865,88.0,124.0,1.0
866,348.0,166.0,1.0
867,84.0,359.0,1.0
868,140.0,209.0,1.0
869,78.0,322.0,1.0
870,402.0,316.0,1.0
871,579.0,322.0,1.0
872,119.0,146.0,1.0
873,525.0,405.0,1.0
874,493.0,99.0,1.0
875,631.0,332.0,1.0
876,397.0,188.0,1.0
877,318.0,168.0,1.0
878,240.0,124.0,1.0
879,114.0,21.0,1.0
880,422.0,18.0,1.0
881,107.0,405.0,1.0
882,461.0,127.0,1.0
883,210.0,152.0,1.0
884,447.0,83.0,1.0
885,375.0,358.0,1.0
886,88.0,334.0,1.0
887,152.0,332.0,1.0
888,186.0,73.0,1.0
889,9.0,283.0,1.0
890,571.0,239.0,1.0
891,552.0,225.0,1.0
892,101.0,89.0,1.0
893,489.0,252.0,1.0
894,365.0,134.0,1.0
895,552.0,398.0,1.0
896,34.0,134.0,1.0
897,93.0,58.0,1.0
898,420.0,122.0,1.0
899,248.0,7.0,1.0
900,280.0,79.0,1.0
901,462.0,247.0,1.0
902,449.0,168.0,1.0
903,546.0,174.0,1.0
904,546.0,124.0,1.0
905,5.0,376.0,1.0
906,358.0,293.0,1.0
907,650.0,358.0,1.0
908,314.0,181.0,1.0
909,138.0,134.0,1.0
910,192.0,188.0,1.0
911,430.0,107.0,1.0
912,570.0,163.0,1.0
913,199.0,73.0,1.0
914,163.0,215.0,1.0
915,230.0,244.0,1.0
916,191.0,16.0,1.0
917,319.0,358.0,1.0
918,413.0,162.0,1.0
919,274.0,239.0,1.0
920,205.0,309.0,1.0
921,383.0,371.0,1.0
922,387.0,316.0,1.0
923,402.0,177.0,1.0
924,429.0,128.0,1.0
925,271.0,197.0,1.0
926,650.0,347.0,1.0
927,71.0,118.0,1.0
928,241.0,277.0,1.0
929,268.0,107.0,1.0
930,244.0,280.0,1.0
931,145.0,309.0,1.0
932,321.0,124.0,1.0
933,591.0,156.0,1.0
934,166.0,261.0,1.0
935,70.0,247.0,1.0
936,316.0,243.0,1.0
937,455.0,354.0,1.0
938,529.0,43.0,1.0
939,360.0,405.0,1.0
940,122.0,8.0,1.0
941,292.0,28.0,1.0
942,271.0,24.0,1.0
943,404.0,89.0,1.0
944,54.0,124.0,1.0
945,242.0,8.0,1.0
946,438.0,257.0,1.0
947,339.0,328.0,1.0
948,104.0,243.0,1.0
949,170.0,149.0,1.0
950,455.0,9.0,1.0
951,241.0,20.0,1.0
952,28.0,183.0,1.0
953,324.0,40.0,1.0
954,464.0,3.0,1.0
955,640.0,21.0,1.0
956,519.0,125.0,1.0
957,587.0,38.0,1.0
958,511.0,347.0,1.0
959,474.0,271.0,1.0
960,19.0,214.0,1.0
961,49.0,125.0,1.0
962,77.0,331.0,1.0
963,294.0,100.0,1.0
964,194.0,7.0,1.0
965,485.0,382.0,1.0
966,287.0,161.0,1.0
967,37.0,68.0,1.0
968,400.0,124.0,1.0
969,625.0,362.0,1.0
970,295.0,117.0,1.0
971,122.0,124.0,1.0
972,87.0,3.0,1.0
973,24.0,133.0,1.0
974,581.0,219.0,1.0
975,502.0,301.0,1.0
976,468.0,155.0,1.0
977,193.0,149.0,1.0
978,185.0,108.0,1.0
979,75.0,289.0,1.0
980,14.0,258.0,1.0
981,139.0,28.0,1.0
982,576.0,325.0,1.0
983,628.0,396.0,1.0
984,327.0,314.0,1.0
985,275.0,38.0,1.0
986,188.0,302.0,1.0
987,83.0,129.0,1.0
988,462.0,158.0,1.0
989,281.0,280.0,1.0
990,96.0,280.0,1.0
991,566.0,329.0,1.0
992,70.0,70.0,1.0
993,241.0,222.0,1.0
994,468.0,265.0,1.0
995,449.0,351.0,1.0
996,241.0,350.0,1.0
997,540.0,359.0,1.0
998,398.0,94.0,1.0
999,199.0,392.0,1.0
1000,351.0,199.0,1.0
1001,183.0,119.0,1.0
1002,318.0,3.0,1.0
1003,458.0,12.0,1.0
1004,340.0,351.0,1.0
1005,109.0,55.0,1.0
1006,146.0,69.0,1.0
1007,377.0,37.0,1.0
1008,147.0,382.0,1.0
1009,567.0,146.0,1.0
1010,490.0,37.0,1.0
1011,14.0,61.0,1.0
1012,466.0,99.0,1.0
1013,24.0,378.0,1.0
1014,533.0,41.0,1.0
1015,470.0,246.0,1.0
1016,588.0,1.0,1.0
1017,40.0,99.0,1.0
1018,48.0,94.0,1.0
1019,430.0,99.0,1.0
1020,307.0,405.0,1.0
1021,395.0,358.0,1.0
1022,153.0,360.0,1.0
1023,245.0,138.0,1.0
1024,284.0,257.0,1.0
1025,394.0,183.0,1.0
1026,655.0,11.0,1.0
1027,81.0,28.0,1.0
1028,390.0,362.0,1.0
1029,146.0,68.0,1.0
1030,195.0,127.0,1.0
1031,110.0,40.0,1.0
1032,135.0,174.0,1.0
1033,328.0,359.0,1.0
1034,551.0,117.0,1.0
1035,502.0,268.0,1.0
1036,199.0,63.0,1.0
1037,414.0,40.0,1.0
1038,515.0,80.0,1.0
1039,118.0,358.0,1.0
1040,161.0,135.0,1.0
1041,483.0,280.0,1.0
1042,198.0,3.0,1.0
1043,611.0,228.0,1.0
1044,634.0,362.0,1.0
1045,587.0,147.0,1.0
1046,491.0,235.0,1.0
1047,136.0,289.0,1.0
1048,490.0,10.0,1.0
1049,184.0,99.0,1.0
1050,590.0,149.0,1.0
1051,493.0,181.0,1.0
1052,373.0,149.0,1.0
1053,522.0,190.0,1.0
1054,99.0,199.0,1.0
1055,461.0,273.0,1.0
1056,80.0,71.0,1.0
1057,284.0,25.0,1.0
1058,505.0,105.0,1.0
1059,99.0,149.0,1.0
1060,140.0,195.0,1.0
1061,514.0,88.0,1.0
1062,599.0,294.0,1.0
1063,567.0,316.0,1.0
1064,436.0,99.0,1.0
1065,76.0,124.0,1.0
1066,581.0,112.0,1.0
1067,486.0,391.0,1.0
1068,154.0,341.0,1.0
1069,166.0,259.0,1.0
1070,9.0,94.0,1.0
1071,142.0,408.0,1.0
1072,519.0,243.0,1.0
1073,110.0,153.0,1.0
1074,413.0,273.0,1.0
1075,107.0,124.0,1.0
1076,214.0,221.0,1.0
1077,142.0,357.0,1.0
1078,166.0,364.0,1.0
1079,209.0,267.0,1.0
1080,560.0,27.0,1.0
1081,34.0,135.0,1.0
1082,116.0,163.0,1.0
1083,49.0,133.0,1.0
1084,72.0,134.0,1.0
1085,587.0,316.0,1.0
1086,63.0,135.0,1.0
1087,353.0,3.0,1.0
1088,455.0,344.0,1.0
1089,387.0,5.0,1.0
1090,648.0,11.0,1.0
1091,471.0,128.0,1.0
1092,652.0,347.0,1.0
1093,146.0,396.0,1.0
1094,263.0,73.0,1.0
1095,546.0,311.0,1.0
1096,168.0,224.0,1.0
1097,468.0,113.0,1.0
1098,275.0,44.0,1.0
1099,358.0,387.0,1.0
1100,19.0,354.0,1.0
1101,499.0,318.0,1.0
1102,415.0,134.0,1.0
1103,43.0,124.0,1.0
1104,444.0,124.0,1.0
1105,212.0,89.0,1.0
1106,535.0,405.0,1.0
1107,258.0,124.0,1.0
1108,70.0,280.0,1.0
1109,377.0,357.0,1.0
1110,247.0,181.0,1.0
1111,324.0,43.0,1.0
1112,552.0,212.0,1.0
1113,394.0,322.0,1.0
1114,111.0,183.0,1.0
1115,267.0,280.0,1.0
1116,662.0,326.0,1.0
1117,260.0,138.0,1.0
1118,356.0,103.0,1.0
1119,93.0,57.0,1.0
1120,310.0,108.0,1.0
1121,238.0,0.0,1.0
1122,273.0,130.0,1.0
1123,551.0,309.0,1.0
1124,105.0,136.0,1.0
1125,356.0,128.0,1.0
1126,581.0,157.0,1.0
1127,111.0,188.0,1.0
1128,14.0,310.0,1.0
1129,234.0,279.0,1.0
1130,455.0,136.0,1.0
1131,248.0,138.0,1.0
1132,275.0,117.0,1.0
1133,493.0,376.0,1.0
1134,254.0,344.0,1.0
1135,268.0,362.0,1.0
1136,156.0,243.0,1.0
1137,199.0,128.0,1.0
1138,187.0,169.0,1.0
1139,632.0,85.0,1.0
1140,111.0,322.0,1.0
1141,333.0,73.0,1.0
1142,427.0,332.0,1.0
1143,459.0,271.0,1.0
1144,199.0,376.0,1.0
1145,337.0,106.0,1.0
1146,384.0,114.0,1.0
1147,52.0,188.0,1.0
1148,118.0,362.0,1.0
1149,337.0,351.0,1.0
1150,143.0,177.0,1.0
1151,30.0,76.0,1.0
1152,653.0,359.0,1.0
1153,62.0,271.0,1.0
1154,275.0,186.0,1.0
1155,241.0,272.0,1.0
1156,173.0,351.0,1.0
1157,629.0,64.0,1.0
1158,25.0,124.0,1.0
1159,630.0,76.0,1.0
1160,340.0,359.0,1.0
1161,292.0,174.0,1.0
1162,151.0,199.0,1.0
1163,307.0,78.0,1.0
1164,387.0,178.0,1.0
1165,640.0,405.0,1.0
1166,418.0,347.0,1.0
1167,356.0,56.0,1.0
1168,611.0,199.0,1.0
1169,506.0,396.0,1.0
1170,569.0,199.0,1.0
1171,370.0,145.0,1.0
1172,506.0,120.0,1.0
1173,175.0,38.0,1.0
1174,248.0,405.0,1.0
1175,378.0,99.0,1.0
1176,498.0,406.0,1.0
1177,463.0,117.0,1.0
1178,70.0,224.0,1.0
1179,256.0,347.0,1.0
1180,161.0,312.0,1.0
1181,295.0,379.0,1.0
1182,175.0,359.0,1.0
1183,453.0,237.0,1.0
1184,389.0,163.0,1.0
1185,501.0,120.0,1.0
1186,626.0,191.0,1.0
1187,338.0,89.0,1.0
1188,453.0,331.0,1.0
1189,241.0,274.0,1.0
1190,134.0,95.0,1.0
1191,241.0,257.0,1.0
1192,226.0,76.0,1.0
1193,282.0,92.0,1.0
1194,227.0,331.0,1.0
1195,388.0,392.0,1.0
1196,453.0,208.0,1.0
1197,306.0,280.0,1.0
1198,176.0,208.0,1.0
1199,115.0,347.0,1.0
1200,214.0,124.0,1.0
1201,332.0,371.0,1.0
1202,489.0,247.0,1.0
1203,115.0,362.0,1.0
1204,435.0,117.0,1.0
1205,71.0,405.0,1.0
1206,653.0,362.0,1.0
1207,643.0,370.0,1.0
1208,587.0,330.0,1.0
1209,58.0,399.0,1.0
1210,423.0,324.0,1.0
1211,361.0,124.0,1.0
1212,109.0,128.0,1.0
1213,14.0,282.0,1.0
1214,285.0,188.0,1.0
1215,215.0,405.0,1.0
1216,469.0,24.0,1.0
1217,119.0,124.0,1.0
1218,588.0,135.0,1.0
1219,148.0,344.0,1.0
1220,622.0,119.0,1.0
1221,326.0,209.0,1.0
1222,136.0,69.0,1.0
1223,651.0,358.0,1.0
1224,304.0,94.0,1.0
1225,138.0,370.0,1.0
1226,242.0,1.0,1.0
1227,576.0,373.0,1.0
1228,420.0,117.0,1.0
1229,627.0,361.0,1.0
1230,225.0,131.0,1.0
1231,523.0,28.0,1.0
1232,309.0,164.0,1.0
1233,643.0,312.0,1.0
1234,305.0,278.0,1.0
1235,662.0,338.0,1.0
1236,239.0,359.0,1.0
1237,412.0,382.0,1.0
1238,559.0,312.0,1.0
1239,483.0,151.0,1.0
1240,331.0,134.0,1.0
1241,275.0,183.0,1.0
1242,576.0,227.0,1.0
1243,337.0,96.0,1.0
1244,7.0,242.0,1.0
1245,409.0,124.0,1.0
1246,115.0,222.0,1.0
1247,118.0,359.0,1.0
1248,388.0,99.0,1.0
1249,276.0,84.0,1.0
1250,227.0,274.0,1.0
1251,245.0,124.0,1.0
1252,595.0,362.0,1.0
1253,252.0,302.0,1.0
1254,232.0,351.0,1.0
1255,603.0,41.0,1.0
1256,346.0,362.0,1.0
1257,540.0,347.0,1.0
1258,625.0,347.0,1.0
1259,316.0,133.0,1.0
1260,46.0,95.0,1.0
1261,500.0,0.0,1.0
1262,329.0,322.0,1.0
1263,340.0,314.0,1.0
1264,165.0,76.0,1.0
1265,145.0,390.0,1.0
1266,138.0,136.0,1.0
1267,359.0,271.0,1.0
1268,268.0,8.0,1.0
1269,155.0,405.0,1.0
1270,208.0,350.0,1.0
1271,72.0,312.0,1.0
1272,307.0,94.0,1.0
1273,130.0,149.0,1.0
1274,576.0,308.0,1.0
1275,275.0,347.0,1.0
1276,321.0,36.0,1.0
1277,12.0,93.0,1.0
1278,634.0,359.0,1.0
1279,0.0,24.0,1.0
1280,486.0,9.0,1.0
1281,335.0,358.0,1.0
1282,22.0,93.0,1.0
1283,258.0,196.0,1.0
1284,199.0,141.0,1.0
1285,202.0,133.0,1.0
1286,576.0,317.0,1.0
1287,661.0,347.0,1.0
1288,499.0,43.0,1.0
1289,377.0,10.0,1.0
1290,397.0,124.0,1.0
1291,294.0,322.0,1.0
1292,275.0,175.0,1.0
1293,441.0,195.0,1.0
1294,643.0,309.0,1.0
1295,643.0,259.0,1.0
1296,576.0,328.0,1.0
1297,15.0,263.0,1.0
1298,610.0,128.0,1.0
1299,555.0,331.0,1.0
1300,549.0,280.0,1.0
1301,22.0,282.0,1.0
1302,482.0,94.0,1.0
1303,486.0,312.0,1.0
1304,213.0,151.0,1.0
1305,572.0,278.0,1.0
1306,174.0,85.0,1.0
1307,66.0,127.0,1.0
1308,532.0,18.0,1.0
1309,476.0,351.0,1.0
1310,328.0,362.0,1.0
1311,561.0,99.0,1.0
1312,586.0,117.0,1.0
1313,48.0,316.0,1.0
1314,558.0,197.0,1.0
1315,245.0,74.0,1.0
1316,518.0,144.0,1.0
1317,446.0,371.0,1.0
1318,572.0,68.0,1.0
1319,534.0,341.0,1.0
1320,183.0,405.0,1.0
1321,21.0,262.0,1.0
1322,12.0,282.0,1.0
1323,170.0,368.0,1.0
1324,470.0,345.0,1.0
1325,354.0,392.0,1.0
1326,380.0,203.0,1.0
1327,166.0,390.0,1.0
1328,433.0,359.0,1.0
1329,275.0,100.0,1.0
1330,343.0,183.0,1.0
1331,203.0,43.0,1.0
1332,217.0,405.0,1.0
1333,327.0,163.0,1.0
1334,166.0,174.0,1.0
1335,358.0,51.0,1.0
1336,117.0,358.0,1.0
1337,26.0,124.0,1.0
1338,381.0,280.0,1.0
1339,457.0,392.0,1.0
1340,511.0,359.0,1.0
1341,242.0,149.0,1.0
1342,196.0,149.0,1.0
1343,620.0,351.0,1.0
1344,356.0,55.0,1.0
1345,430.0,89.0,1.0
1346,377.0,354.0,1.0
1347,317.0,322.0,1.0
1348,146.0,89.0,1.0
1349,205.0,136.0,1.0
1350,396.0,124.0,1.0
1351,80.0,250.0,1.0
1352,117.0,362.0,1.0
1353,48.0,405.0,1.0
1354,12.0,301.0,1.0
1355,294.0,68.0,1.0
1356,201.0,404.0,1.0
1357,251.0,163.0,1.0
1358,74.0,347.0,1.0
1359,75.0,378.0,1.0
1360,588.0,370.0,1.0
1361,59.0,222.0,1.0
1362,71.0,162.0,1.0
1363,587.0,183.0,1.0
1364,402.0,182.0,1.0
1365,92.0,99.0,1.0
1366,606.0,85.0,1.0
1367,443.0,359.0,1.0
1368,253.0,322.0,1.0
1369,301.0,404.0,1.0
1370,426.0,99.0,1.0
1371,141.0,401.0,1.0
1372,29.0,99.0,1.0
1373,250.0,94.0,1.0
1374,241.0,19.0,1.0
1375,625.0,183.0,1.0
1376,105.0,309.0,1.0
1377,653.0,358.0,1.0
1378,202.0,256.0,1.0
1379,654.0,347.0,1.0
1380,109.0,181.0,1.0
1381,454.0,305.0,1.0
1382,567.0,405.0,1.0
1383,484.0,19.0,1.0
1384,398.0,405.0,1.0
1385,119.0,405.0,1.0
1386,387.0,356.0,1.0
1387,166.0,212.0,1.0
1388,331.0,14.0,1.0
1389,32.0,124.0,1.0
1390,356.0,392.0,1.0
1391,343.0,222.0,1.0
1392,578.0,371.0,1.0
1393,443.0,358.0,1.0
1394,576.0,110.0,1.0
1395,96.0,245.0,1.0
1396,53.0,40.0,1.0
1397,632.0,360.0,1.0
1398,154.0,360.0,1.0
1399,521.0,347.0,1.0
1400,148.0,136.0,1.0
1401,242.0,164.0,1.0
1402,223.0,131.0,1.0
1403,103.0,289.0,1.0
1404,145.0,134.0,1.0
1405,433.0,371.0,1.0
1406,372.0,115.0,1.0
1407,430.0,128.0,1.0
1408,552.0,77.0,1.0
1409,430.0,36.0,1.0
1410,73.0,405.0,1.0
1411,453.0,239.0,1.0
1412,170.0,289.0,1.0
1413,462.0,252.0,1.0
1414,462.0,172.0,1.0
1415,133.0,153.0,1.0
1416,551.0,390.0,1.0
1417,226.0,243.0,1.0
1418,202.0,126.0,1.0
1419,166.0,370.0,1.0
1420,204.0,94.0,1.0
1421,140.0,192.0,1.0
1422,618.0,221.0,1.0
1423,422.0,163.0,1.0
1424,556.0,277.0,1.0
1425,402.0,129.0,1.0
1426,204.0,405.0,1.0
1427,35.0,332.0,1.0
1428,462.0,239.0,1.0
1429,356.0,99.0,1.0
1430,486.0,10.0,1.0
1431,196.0,89.0,1.0
1432,296.0,318.0,1.0
1433,245.0,28.0,1.0
1434,580.0,125.0,1.0
1435,315.0,309.0,1.0
1436,160.0,43.0,1.0
1437,486.0,309.0,1.0
1438,462.0,257.0,1.0
1439,585.0,16.0,1.0
1440,601.0,24.0,1.0
1441,237.0,128.0,1.0
1442,199.0,142.0,1.0
1443,199.0,181.0,1.0
1444,636.0,392.0,1.0
1445,220.0,85.0,1.0
1446,518.0,280.0,1.0
1447,584.0,115.0,1.0
1448,110.0,318.0,1.0
1449,441.0,31.0,1.0
1450,328.0,38.0,1.0
1451,662.0,327.0,1.0
1452,587.0,222.0,1.0
1453,335.0,359.0,1.0
1454,478.0,119.0,1.0
1455,153.0,158.0,1.0
1456,227.0,252.0,1.0
1457,208.0,181.0,1.0
1458,507.0,79.0,1.0
1459,543.0,76.0,1.0
1460,643.0,135.0,1.0
1461,351.0,386.0,1.0
1462,351.0,273.0,1.0
1463,337.0,35.0,1.0
1464,209.0,298.0,1.0
1465,351.0,352.0,1.0
1466,427.0,267.0,1.0
1467,109.0,236.0,1.0
1468,167.0,359.0,1.0
1469,459.0,222.0,1.0
1470,113.0,125.0,1.0
1471,20.0,199.0,1.0
1472,268.0,55.0,1.0
1473,407.0,188.0,1.0
1474,361.0,405.0,1.0
1475,457.0,128.0,1.0
1476,407.0,196.0,1.0
1477,553.0,125.0,1.0
1478,565.0,382.0,1.0
1479,27.0,12.0,1.0
1480,200.0,124.0,1.0
1481,228.0,405.0,1.0
1482,148.0,309.0,1.0
1483,32.0,405.0,1.0
1484,245.0,117.0,1.0
1485,383.0,362.0,1.0
1486,328.0,222.0,1.0
1487,314.0,109.0,1.0
1488,90.0,19.0,1.0
1489,513.0,131.0,1.0
1490,164.0,124.0,1.0
1491,143.0,196.0,1.0
1492,170.0,22.0,1.0
1493,319.0,347.0,1.0
1494,418.0,362.0,1.0
1495,587.0,107.0,1.0
1496,439.0,183.0,1.0
1497,77.0,345.0,1.0
1498,194.0,212.0,1.0
1499,84.0,362.0,1.0
1500,155.0,124.0,1.0
1501,464.0,124.0,1.0
1502,497.0,183.0,1.0
1503,208.0,376.0,1.0
1504,480.0,146.0,1.0
1505,369.0,196.0,1.0
1506,252.0,376.0,1.0
1507,343.0,347.0,1.0
1508,264.0,147.0,1.0
1509,205.0,259.0,1.0
1510,83.0,132.0,1.0
1511,337.0,233.0,1.0
1512,468.0,360.0,1.0
1513,455.0,342.0,1.0
1514,239.0,347.0,1.0
1515,324.0,318.0,1.0
1516,100.0,117.0,1.0
1517,231.0,222.0,1.0
1518,364.0,316.0,1.0
1519,136.0,405.0,1.0
1520,299.0,94.0,1.0
1521,324.0,41.0,1.0
1522,575.0,24.0,1.0
1523,279.0,173.0,1.0
1524,110.0,6.0,1.0
1525,170.0,347.0,1.0
1526,443.0,362.0,1.0
1527,197.0,247.0,1.0
1528,349.0,277.0,1.0
1529,240.0,269.0,1.0
1530,518.0,25.0,1.0
1531,610.0,392.0,1.0
1532,267.0,239.0,1.0
1533,636.0,128.0,1.0
1534,310.0,407.0,1.0
1535,261.0,48.0,1.0
1536,459.0,186.0,1.0
1537,505.0,224.0,1.0
1538,182.0,371.0,1.0
1539,319.0,371.0,1.0
1540,91.0,99.0,1.0
1541,297.0,9.0,1.0
1542,150.0,347.0,1.0
1543,480.0,124.0,1.0
1544,57.0,196.0,1.0
1545,74.0,362.0,1.0
1546,387.0,44.0,1.0
1547,363.0,36.0,1.0
1548,195.0,99.0,1.0
1549,244.0,101.0,1.0
1550,79.0,157.0,1.0
1551,657.0,162.0,1.0
1552,19.0,37.0,1.0
1553,56.0,1.0,1.0
1554,461.0,184.0,1.0
1555,193.0,133.0,1.0
1556,535.0,124.0,1.0
1557,507.0,80.0,1.0
1558,179.0,334.0,1.0
1559,333.0,392.0,1.0
1560,552.0,304.0,1.0
1561,48.0,124.0,1.0
1562,531.0,144.0,1.0
1563,451.0,188.0,1.0
1564,569.0,388.0,1.0
1565,211.0,99.0,1.0
1566,473.0,38.0,1.0
1567,400.0,18.0,1.0
1568,587.0,245.0,1.0
1569,490.0,391.0,1.0
1570,604.0,238.0,1.0
1571,530.0,382.0,1.0
1572,567.0,346.0,1.0
1573,546.0,99.0,1.0
1574,457.0,73.0,1.0
1575,292.0,117.0,1.0
1576,634.0,358.0,1.0
1577,16.0,202.0,1.0
1578,49.0,209.0,1.0
1579,40.0,64.0,1.0
1580,552.0,199.0,1.0
1581,166.0,136.0,1.0
1582,401.0,3.0,1.0
1583,60.0,117.0,1.0
1584,142.0,37.0,1.0
1585,397.0,405.0,1.0
1586,273.0,3.0,1.0
1587,50.0,379.0,1.0
1588,120.0,174.0,1.0
1589,596.0,144.0,1.0
1590,503.0,371.0,1.0
1591,280.0,80.0,1.0
1592,182.0,347.0,1.0
1593,475.0,318.0,1.0
1594,574.0,174.0,1.0
1595,321.0,221.0,1.0
1596,537.0,99.0,1.0
1597,169.0,262.0,1.0
1598,651.0,371.0,1.0
1599,428.0,183.0,1.0
1600,587.0,55.0,1.0
1601,655.0,176.0,1.0
1602,349.0,224.0,1.0
1603,430.0,392.0,1.0
1604,266.0,118.0,1.0
1605,510.0,267.0,1.0
1606,22.0,130.0,1.0
1607,298.0,140.0,1.0
1608,105.0,134.0,1.0
1609,288.0,69.0,1.0
1610,358.0,397.0,1.0
1611,241.0,331.0,1.0
1612,342.0,349.0,1.0
1613,416.0,218.0,1.0
1614,647.0,85.0,1.0
1615,576.0,111.0,1.0
1616,307.0,196.0,1.0
1617,574.0,311.0,1.0
1618,556.0,105.0,1.0
1619,5.0,392.0,1.0
1620,620.0,153.0,1.0
1621,244.0,24.0,1.0
1622,516.0,91.0,1.0
1623,36.0,99.0,1.0
1624,46.0,243.0,1.0
1625,397.0,316.0,1.0
1626,532.0,314.0,1.0
1627,541.0,112.0,1.0
1628,606.0,360.0,1.0
1629,254.0,309.0,1.0
1630,318.0,48.0,1.0
1631,471.0,392.0,1.0
1632,376.0,43.0,1.0
1633,605.0,149.0,1.0
1634,556.0,280.0,1.0
1635,502.0,93.0,1.0
1636,489.0,274.0,1.0
1637,449.0,3.0,1.0
1638,330.0,64.0,1.0
1639,268.0,358.0,1.0
1640,576.0,36.0,1.0
1641,52.0,183.0,1.0
1642,569.0,387.0,1.0
1643,61.0,255.0,1.0
1644,636.0,73.0,1.0
1645,337.0,280.0,1.0
1646,109.0,266.0,1.0
1647,275.0,335.0,1.0
1648,499.0,41.0,1.0
1649,586.0,18.0,1.0
1650,337.0,23.0,1.0
1651,177.0,280.0,1.0
1652,290.0,405.0,1.0
1653,67.0,347.0,1.0
1654,224.0,200.0,1.0
1655,105.0,370.0,1.0
1656,275.0,55.0,1.0
1657,511.0,358.0,1.0
1658,225.0,255.0,1.0
1659,413.0,388.0,1.0
1660,340.0,66.0,1.0
1661,20.0,228.0,1.0
1662,313.0,130.0,1.0
1663,364.0,251.0,1.0
1664,275.0,147.0,1.0
1665,462.0,224.0,1.0
1666,297.0,342.0,1.0
1667,382.0,113.0,1.0
1668,559.0,390.0,1.0
1669,433.0,358.0,1.0
1670,600.0,124.0,1.0
1671,523.0,261.0,1.0
1672,55.0,80.0,1.0
1673,455.0,37.0,1.0
1674,161.0,344.0,1.0
1675,321.0,94.0,1.0
1676,182.0,362.0,1.0
1677,333.0,181.0,1.0
1678,240.0,145.0,1.0
1679,94.0,153.0,1.0
1680,564.0,69.0,1.0
1681,383.0,347.0,1.0
1682,326.0,294.0,1.0
1683,167.0,371.0,1.0
1684,337.0,86.0,1.0
1685,19.0,220.0,1.0
1686,358.0,388.0,1.0
1687,470.0,237.0,1.0
1688,552.0,34.0,1.0
1689,592.0,260.0,1.0
1690,326.0,262.0,1.0
1691,175.0,347.0,1.0
1692,520.0,267.0,1.0
1693,433.0,362.0,1.0
1694,588.0,259.0,1.0
1695,468.0,280.0,1.0
1696,5.0,181.0,1.0
1697,569.0,313.0,1.0
1698,170.0,100.0,1.0
1699,384.0,113.0,1.0
1700,576.0,337.0,1.0
1701,93.0,213.0,1.0
1702,148.0,370.0,1.0
1703,601.0,280.0,1.0
1704,246.0,163.0,1.0
1705,241.0,280.0,1.0
1706,142.0,10.0,1.0
1707,571.0,44.0,1.0
1708,661.0,362.0,1.0
1709,300.0,149.0,1.0
1710,258.0,405.0,1.0
1711,323.0,146.0,1.0
1712,446.0,358.0,1.0
1713,137.0,269.0,1.0
1714,660.0,331.0,1.0
1715,548.0,27.0,1.0
1716,643.0,344.0,1.0
1717,364.0,124.0,1.0
1718,254.0,259.0,1.0
1719,226.0,319.0,1.0
1720,24.0,125.0,1.0
1721,556.0,19.0,1.0
1722,501.0,358.0,1.0
1723,377.0,369.0,1.0
1724,154.0,132.0,1.0
1725,413.0,386.0,1.0
1726,567.0,124.0,1.0
1727,268.0,106.0,1.0
1728,184.0,319.0,1.0
1729,17.0,264.0,1.0
1730,266.0,21.0,1.0
1731,350.0,401.0,1.0
1732,150.0,371.0,1.0
1733,75.0,267.0,1.0
1734,19.0,270.0,1.0
1735,205.0,312.0,1.0
1736,268.0,347.0,1.0
1737,36.0,73.0,1.0
1738,414.0,43.0,1.0
1739,137.0,124.0,1.0
1740,390.0,359.0,1.0
1741,387.0,229.0,1.0
1742,99.0,365.0,1.0
1743,407.0,182.0,1.0
1744,200.0,69.0,1.0
1745,372.0,199.0,1.0
1746,407.0,124.0,1.0
1747,470.0,208.0,1.0
1748,42.0,382.0,1.0
1749,315.0,370.0,1.0
1750,102.0,73.0,1.0
1751,518.0,24.0,1.0
1752,654.0,359.0,1.0
1753,227.0,172.0,1.0
1754,541.0,278.0,1.0
1755,239.0,89.0,1.0
1756,22.0,271.0,1.0
1757,118.0,371.0,1.0
1758,228.0,124.0,1.0
1759,213.0,257.0,1.0
1760,142.0,354.0,1.0
1761,391.0,267.0,1.0
1762,449.0,48.0,1.0
1763,297.0,391.0,1.0
1764,244.0,245.0,1.0
1765,477.0,76.0,1.0
1766,73.0,146.0,1.0
1767,296.0,40.0,1.0
1768,587.0,89.0,1.0
1769,163.0,253.0,1.0
1770,12.0,268.0,1.0
1771,9.0,310.0,1.0
1772,249.0,363.0,1.0
1773,167.0,347.0,1.0
1774,255.0,99.0,1.0
1775,294.0,183.0,1.0
1776,371.0,7.0,1.0
1777,402.0,188.0,1.0
1778,301.0,13.0,1.0
1779,398.0,124.0,1.0
1780,306.0,104.0,1.0
1781,390.0,347.0,1.0
1782,143.0,316.0,1.0
1783,502.0,282.0,1.0
1784,304.0,405.0,1.0
1785,599.0,76.0,1.0
1786,587.0,280.0,1.0
1787,486.0,369.0,1.0
1788,178.0,18.0,1.0
1789,229.0,65.0,1.0
1790,263.0,56.0,1.0
1791,229.0,280.0,1.0
1792,598.0,399.0,1.0
1793,6.0,206.0,1.0
1794,353.0,144.0,1.0
1795,140.0,185.0,1.0
1796,241.0,208.0,1.0
1797,570.0,124.0,1.0
1798,455.0,408.0,1.0
1799,537.0,347.0,1.0
1800,9.0,301.0,1.0
1801,595.0,358.0,1.0
1802,439.0,100.0,1.0
1803,133.0,168.0,1.0
1804,459.0,121.0,1.0
1805,493.0,73.0,1.0
1806,272.0,84.0,1.0
1807,0.0,329.0,1.0
1808,582.0,28.0,1.0
1809,227.0,208.0,1.0
1810,319.0,362.0,1.0
1811,351.0,385.0,1.0
1812,375.0,362.0,1.0
1813,183.0,311.0,1.0
1814,551.0,370.0,1.0
1815,475.0,40.0,1.0
1816,616.0,322.0,1.0
1817,275.0,6.0,1.0
1818,598.0,331.0,1.0
1819,115.0,358.0,1.0
1820,126.0,89.0,1.0
1821,503.0,359.0,1.0
1822,213.0,247.0,1.0
1823,502.0,232.0,1.0
1824,583.0,172.0,1.0
1825,293.0,359.0,1.0
1826,501.0,347.0,1.0
1827,430.0,376.0,1.0
1828,326.0,394.0,1.0
1829,90.0,114.0,1.0
1830,430.0,103.0,1.0
1831,150.0,358.0,1.0
1832,38.0,351.0,1.0
1833,388.0,181.0,1.0
1834,137.0,145.0,1.0
1835,409.0,69.0,1.0
1836,37.0,405.0,1.0
1837,662.0,315.0,1.0
1838,156.0,133.0,1.0
1839,486.0,390.0,1.0
1840,452.0,176.0,1.0
1841,275.0,280.0,1.0
1842,150.0,359.0,1.0
1843,546.0,119.0,1.0
1844,501.0,396.0,1.0
1845,109.0,99.0,1.0
1846,314.0,73.0,1.0
1847,154.0,3.0,1.0
1848,449.0,153.0,1.0
1849,594.0,124.0,1.0
1850,163.0,384.0,1.0
1851,161.0,259.0,1.0
1852,198.0,24.0,1.0
1853,516.0,82.0,1.0
1854,29.0,75.0,1.0
1855,315.0,134.0,1.0
1856,75.0,353.0,1.0
1857,464.0,196.0,1.0
1858,337.0,150.0,1.0
1859,314.0,392.0,1.0
1860,252.0,181.0,1.0
1861,569.0,352.0,1.0
1862,576.0,90.0,1.0
1863,598.0,345.0,1.0
1864,258.0,182.0,1.0
1865,551.0,136.0,1.0
1866,83.0,78.0,1.0
1867,419.0,99.0,1.0
1868,26.0,221.0,1.0
1869,451.0,183.0,1.0
1870,587.0,347.0,1.0
1871,552.0,226.0,1.0
1872,591.0,145.0,1.0
1873,40.0,89.0,1.0
1874,170.0,358.0,1.0
1875,429.0,99.0,1.0
1876,644.0,11.0,1.0
1877,170.0,359.0,1.0
1878,621.0,392.0,1.0
1879,261.0,360.0,1.0
1880,327.0,18.0,1.0
1881,505.0,272.0,1.0
1882,273.0,103.0,1.0
1883,455.0,135.0,1.0
1884,275.0,356.0,1.0
1885,348.0,212.0,1.0
1886,563.0,124.0,1.0
1887,434.0,117.0,1.0
1888,461.0,293.0,1.0
1889,210.0,46.0,1.0
1890,263.0,99.0,1.0
1891,328.0,271.0,1.0
1892,296.0,43.0,1.0
1893,301.0,382.0,1.0
1894,11.0,73.0,1.0
1895,578.0,166.0,1.0
1896,387.0,372.0,1.0
1897,178.0,314.0,1.0
1898,454.0,129.0,1.0
1899,589.0,371.0,1.0
1900,351.0,388.0,1.0
1901,333.0,128.0,1.0
1902,443.0,347.0,1.0
1903,596.0,113.0,1.0
1904,70.0,239.0,1.0
1905,633.0,356.0,1.0
1906,328.0,131.0,1.0
1907,170.0,362.0,1.0
1908,33.0,247.0,1.0
1909,275.0,165.0,1.0
1910,215.0,124.0,1.0
1911,639.0,75.0,1.0
1912,389.0,18.0,1.0
1913,347.0,375.0,1.0
1914,213.0,252.0,1.0
1915,87.0,329.0,1.0
1916,101.0,73.0,1.0
1917,479.0,18.0,1.0
1918,123.0,16.0,1.0
1919,459.0,156.0,1.0
1920,330.0,361.0,1.0
1921,482.0,124.0,1.0
1922,487.0,84.0,1.0
1923,204.0,221.0,1.0
1924,420.0,174.0,1.0
1925,365.0,37.0,1.0
1926,548.0,255.0,1.0
1927,306.0,208.0,1.0
1928,405.0,99.0,1.0
1929,346.0,359.0,1.0
1930,570.0,21.0,1.0
1931,253.0,347.0,1.0
1932,268.0,208.0,1.0
1933,148.0,390.0,1.0
1934,110.0,43.0,1.0
1935,501.0,362.0,1.0
1936,486.0,135.0,1.0
1937,120.0,99.0,1.0
1938,145.0,364.0,1.0
1939,414.0,41.0,1.0
1940,117.0,359.0,1.0
1941,387.0,100.0,1.0
1942,461.0,313.0,1.0
1943,536.0,183.0,1.0
1944,588.0,364.0,1.0
1945,652.0,362.0,1.0
1946,567.0,196.0,1.0
1947,426.0,351.0,1.0
1948,186.0,392.0,1.0
1949,285.0,183.0,1.0
1950,461.0,117.0,1.0
1951,208.0,73.0,1.0
1952,253.0,358.0,1.0
1953,426.0,12.0,1.0
1954,2.0,244.0,1.0
1955,182.0,359.0,1.0
1956,470.0,265.0,1.0
1957,192.0,183.0,1.0
1958,284.0,143.0,1.0
1959,305.0,405.0,1.0
1960,332.0,362.0,1.0
1961,200.0,68.0,1.0
1962,595.0,359.0,1.0
1963,241.0,25.0,1.0
1964,41.0,145.0,1.0
1965,141.0,124.0,1.0
1966,275.0,222.0,1.0
1967,325.0,244.0,1.0
1968,382.0,252.0,1.0
1969,424.0,163.0,1.0
1970,615.0,124.0,1.0
1971,301.0,36.0,1.0
1972,570.0,405.0,1.0
1973,375.0,347.0,1.0
1974,634.0,347.0,1.0
1975,61.0,19.0,1.0
1976,268.0,127.0,1.0
1977,149.0,328.0,1.0
1978,517.0,27.0,1.0
1979,161.0,1.0,1.0
1980,213.0,54.0,1.0
1981,233.0,183.0,1.0
1982,19.0,366.0,1.0
1983,87.0,24.0,1.0
1984,186.0,128.0,1.0
1985,430.0,356.0,1.0
1986,385.0,164.0,1.0
1987,569.0,228.0,1.0
1988,254.0,390.0,1.0
1989,164.0,182.0,1.0
1990,351.0,397.0,1.0
1991,616.0,183.0,1.0
1992,306.0,101.0,1.0
1993,93.0,59.0,1.0
1994,34.0,37.0,1.0
1995,505.0,208.0,1.0
1996,391.0,297.0,1.0
1997,547.0,314.0,1.0
1998,661.0,358.0,1.0
1999,213.0,280.0,1.0
2000,245.0,118.0,1.0
2001,326.0,210.0,1.0
2002,84.0,358.0,1.0
2003,51.0,183.0,1.0
2004,425.0,149.0,1.0
2005,383.0,322.0,1.0
2006,83.0,3.0,1.0
2007,386.0,205.0,1.0
2008,49.0,7.0,1.0
2009,461.0,388.0,1.0
2010,559.0,364.0,1.0
2011,146.0,334.0,1.0
2012,337.0,87.0,1.0
2013,407.0,177.0,1.0
2014,520.0,297.0,1.0
2015,521.0,371.0,1.0
2016,163.0,216.0,1.0
2017,82.0,99.0,1.0
2018,557.0,382.0,1.0
2019,587.0,109.0,1.0
2020,514.0,124.0,1.0
2021,588.0,134.0,1.0
2022,175.0,55.0,1.0
2023,246.0,212.0,1.0
2024,341.0,208.0,1.0
2025,19.0,391.0,1.0
2026,97.0,404.0,1.0
2027,519.0,133.0,1.0
2028,358.0,163.0,1.0
2029,241.0,151.0,1.0
2030,500.0,181.0,1.0
2031,275.0,16.0,1.0
2032,315.0,390.0,1.0
2033,83.0,24.0,1.0
2034,539.0,69.0,1.0
2035,652.0,359.0,1.0
2036,540.0,358.0,1.0
2037,326.0,67.0,1.0
2038,624.0,330.0,1.0
2039,227.0,280.0,1.0
2040,50.0,380.0,1.0
2041,45.0,351.0,1.0
2042,407.0,405.0,1.0
2043,31.0,160.0,1.0
2044,154.0,78.0,1.0
2045,268.0,371.0,1.0
2046,259.0,222.0,1.0
2047,572.0,219.0,1.0
2048,552.0,163.0,1.0
2049,99.0,228.0,1.0
2050,275.0,298.0,1.0
2051,471.0,73.0,1.0
2052,331.0,212.0,1.0
2053,344.0,138.0,1.0
2054,529.0,318.0,1.0
2055,351.0,387.0,1.0
2056,225.0,183.0,1.0
2057,559.0,259.0,1.0
2058,85.0,43.0,1.0
2059,292.0,124.0,1.0
2060,527.0,43.0,1.0
2061,210.0,67.0,1.0
2062,306.0,239.0,1.0
2063,340.0,362.0,1.0
2064,309.0,325.0,1.0
2065,302.0,99.0,1.0
2066,341.0,280.0,1.0
2067,158.0,157.0,1.0
2068,76.0,405.0,1.0
2069,490.0,357.0,1.0
2070,380.0,204.0,1.0
2071,29.0,325.0,1.0
2072,118.0,347.0,1.0
2073,484.0,271.0,1.0
2074,31.0,133.0,1.0
2075,490.0,9.0,1.0
2076,544.0,16.0,1.0
2077,182.0,358.0,1.0
2078,227.0,19.0,1.0
2079,358.0,34.0,1.0
2080,383.0,358.0,1.0
2081,294.0,69.0,1.0
2082,625.0,358.0,1.0
2083,493.0,103.0,1.0
2084,413.0,387.0,1.0
2085,630.0,297.0,1.0
2086,493.0,392.0,1.0
2087,309.0,174.0,1.0
2088,408.0,7.0,1.0
2089,495.0,81.0,1.0
2090,86.0,99.0,1.0
2091,1.0,319.0,1.0
2092,318.0,351.0,1.0
2093,393.0,68.0,1.0
2094,177.0,24.0,1.0
2095,502.0,310.0,1.0
2096,248.0,99.0,1.0
2097,459.0,44.0,1.0
2098,66.0,28.0,1.0
2099,413.0,184.0,1.0
2100,308.0,289.0,1.0
2101,237.0,376.0,1.0
2102,287.0,45.0,1.0
2103,387.0,355.0,1.0
2104,136.0,117.0,1.0
2105,551.0,364.0,1.0
2106,640.0,124.0,1.0
2107,587.0,359.0,1.0
2108,413.0,385.0,1.0
2109,428.0,322.0,1.0
2110,291.0,7.0,1.0
2111,273.0,341.0,1.0
2112,108.0,396.0,1.0
2113,558.0,24.0,1.0
2114,166.0,312.0,1.0
2115,439.0,280.0,1.0
2116,315.0,364.0,1.0
2117,563.0,405.0,1.0
2118,293.0,347.0,1.0
2119,393.0,334.0,1.0
2120,227.0,237.0,1.0
2121,335.0,347.0,1.0
2122,403.0,245.0,1.0
2123,453.0,280.0,1.0
2124,239.0,362.0,1.0
2125,164.0,316.0,1.0
2126,102.0,396.0,1.0
2127,72.0,370.0,1.0
2128,1.0,58.0,1.0
2129,183.0,174.0,1.0
2130,336.0,199.0,1.0
2131,83.0,130.0,1.0
2132,571.0,99.0,1.0
2133,162.0,43.0,1.0
2134,176.0,272.0,1.0
2135,56.0,127.0,1.0
2136,148.0,312.0,1.0
2137,155.0,146.0,1.0
2138,343.0,362.0,1.0
2139,486.0,408.0,1.0
2140,573.0,69.0,1.0
2141,514.0,145.0,1.0
2142,167.0,358.0,1.0
2143,559.0,309.0,1.0
2144,362.0,316.0,1.0
2145,72.0,344.0,1.0
2146,314.0,128.0,1.0
2147,224.0,307.0,1.0
2148,188.0,99.0,1.0
2149,439.0,97.0,1.0
2150,654.0,358.0,1.0
2151,226.0,133.0,1.0
2152,252.0,12.0,1.0
2153,516.0,79.0,1.0
2154,472.0,400.0,1.0
2155,210.0,149.0,1.0
2156,410.0,199.0,1.0
2157,116.0,18.0,1.0
2158,221.0,245.0,1.0
2159,446.0,359.0,1.0
2160,86.0,76.0,1.0
2161,269.0,124.0,1.0
2162,615.0,223.0,1.0
2163,78.0,188.0,1.0
2164,475.0,41.0,1.0
2165,316.0,125.0,1.0
2166,328.0,358.0,1.0
2167,103.0,89.0,1.0
2168,241.0,106.0,1.0
2169,46.0,118.0,1.0
2170,297.0,408.0,1.0
2171,56.0,99.0,1.0
2172,237.0,392.0,1.0
2173,408.0,89.0,1.0
2174,90.0,239.0,1.0
2175,650.0,362.0,1.0
2176,461.0,397.0,1.0
2177,333.0,376.0,1.0
2178,169.0,210.0,1.0
2179,275.0,362.0,1.0
2180,170.0,307.0,1.0
2181,123.0,168.0,1.0
2182,356.0,376.0,1.0
2183,207.0,144.0,1.0
2184,388.0,128.0,1.0
2185,500.0,149.0,1.0
2186,117.0,371.0,1.0
2187,555.0,208.0,1.0
2188,140.0,211.0,1.0
2189,455.0,312.0,1.0
2190,433.0,347.0,1.0
2191,143.0,182.0,1.0
2192,287.0,228.0,1.0
2193,307.0,182.0,1.0
2194,455.0,370.0,1.0
2195,545.0,99.0,1.0
2196,457.0,181.0,1.0
2197,631.0,297.0,1.0
2198,52.0,322.0,1.0
2199,490.0,369.0,1.0
2200,485.0,28.0,1.0
2201,610.0,376.0,1.0
2202,353.0,306.0,1.0
2203,509.0,199.0,1.0
2204,358.0,385.0,1.0
2205,398.0,221.0,1.0
2206,587.0,208.0,1.0
2207,49.0,49.0,1.0
2208,481.0,190.0,1.0
2209,638.0,170.0,1.0
2210,312.0,305.0,1.0
2211,169.0,209.0,1.0
2212,280.0,83.0,1.0
2213,193.0,125.0,1.0
2214,48.0,196.0,1.0
2215,289.0,306.0,1.0
2216,432.0,0.0,1.0
2217,48.0,129.0,1.0
2218,468.0,85.0,1.0
2219,316.0,49.0,1.0
2220,160.0,318.0,1.0
2221,554.0,89.0,1.0
2222,132.0,89.0,1.0
2223,29.0,373.0,1.0
2224,161.0,390.0,1.0
2225,580.0,149.0,1.0
2226,87.0,168.0,1.0
2227,176.0,19.0,1.0
2228,509.0,353.0,1.0
2229,621.0,73.0,1.0
2230,88.0,68.0,1.0
2231,179.0,124.0,1.0
2232,388.0,376.0,1.0
2233,487.0,80.0,1.0
2234,161.0,364.0,1.0
2235,343.0,359.0,1.0
2236,7.0,179.0,1.0
2237,84.0,347.0,1.0
2238,525.0,124.0,1.0
2239,21.0,210.0,1.0
2240,555.0,239.0,1.0
2241,216.0,101.0,1.0
2242,263.0,128.0,1.0
2243,275.0,239.0,1.0
2244,366.0,99.0,1.0
2245,497.0,322.0,1.0
2246,75.0,99.0,1.0
2247,275.0,371.0,1.0
2248,53.0,43.0,1.0
2249,604.0,324.0,1.0
2250,538.0,280.0,1.0
2251,104.0,99.0,1.0
2252,642.0,399.0,1.0
2253,83.0,2.0,1.0
2254,482.0,318.0,1.0
2255,568.0,1.0,1.0
2256,263.0,376.0,1.0
2257,500.0,392.0,1.0
2258,518.0,85.0,1.0
2259,18.0,30.0,1.0
2260,136.0,334.0,1.0
2261,199.0,350.0,1.0
2262,105.0,364.0,1.0
2263,164.0,351.0,1.0
2264,479.0,401.0,1.0
2265,357.0,94.0,1.0
2266,19.0,174.0,1.0
2267,35.0,297.0,1.0
2268,19.0,357.0,1.0
2269,252.0,99.0,1.0
2270,364.0,405.0,1.0
2271,112.0,99.0,1.0
2272,40.0,117.0,1.0
2273,610.0,73.0,1.0
2274,105.0,312.0,1.0
2275,9.0,268.0,1.0
2276,138.0,312.0,1.0
2277,459.0,107.0,1.0
2278,236.0,49.0,0.0
2279,34.0,140.0,0.0
2280,141.0,219.0,0.0
2281,649.0,116.0,0.0
2282,367.0,403.0,0.0
2283,161.0,131.0,0.0
2284,21.0,324.0,0.0
2285,524.0,302.0,0.0
2286,588.0,99.0,0.0
2287,404.0,41.0,0.0
2288,27.0,294.0,0.0
2289,521.0,334.0,0.0
2290,143.0,255.0,0.0
2291,137.0,296.0,0.0
2292,190.0,265.0,0.0
2293,599.0,93.0,0.0
2294,513.0,74.0,0.0
2295,261.0,217.0,0.0
2296,604.0,224.0,0.0
2297,118.0,195.0,0.0
2298,189.0,272.0,0.0
2299,481.0,339.0,0.0
2300,29.0,214.0,0.0
2301,13.0,262.0,0.0
2302,493.0,102.0,0.0
2303,247.0,363.0,0.0
2304,440.0,394.0,0.0
2305,190.0,107.0,0.0
2306,570.0,378.0,0.0
2307,493.0,201.0,0.0
2308,160.0,205.0,0.0
2309,233.0,207.0,0.0
2310,249.0,399.0,0.0
2311,175.0,356.0,0.0
2312,522.0,280.0,0.0
2313,8.0,159.0,0.0
2314,74.0,158.0,0.0
2315,21.0,174.0,0.0
2316,212.0,356.0,0.0
2317,377.0,15.0,0.0
2318,332.0,229.0,0.0
2319,168.0,45.0,0.0
2320,375.0,226.0,0.0
2321,83.0,200.0,0.0
2322,12.0,258.0,0.0
2323,356.0,336.0,0.0
2324,39.0,247.0,0.0
2325,253.0,229.0,0.0
2326,382.0,79.0,0.0
2327,137.0,280.0,0.0
2328,173.0,355.0,0.0
2329,576.0,394.0,0.0
2330,307.0,217.0,0.0
2331,420.0,16.0,0.0
2332,49.0,147.0,0.0
2333,441.0,24.0,0.0
2334,439.0,222.0,0.0
2335,120.0,240.0,0.0
2336,143.0,366.0,0.0
2337,597.0,254.0,0.0
2338,287.0,118.0,0.0
2339,74.0,109.0,0.0
2340,444.0,278.0,0.0
2341,347.0,258.0,0.0
2342,656.0,91.0,0.0
2343,573.0,193.0,0.0
2344,321.0,347.0,0.0
2345,381.0,125.0,0.0
2346,401.0,65.0,0.0
2347,144.0,91.0,0.0
2348,174.0,329.0,0.0
2349,494.0,57.0,0.0
2350,70.0,226.0,0.0
2351,44.0,93.0,0.0
2352,142.0,159.0,0.0
2353,230.0,224.0,0.0
2354,81.0,387.0,0.0
2355,425.0,111.0,0.0
2356,590.0,283.0,0.0
2357,90.0,103.0,0.0
2358,122.0,198.0,0.0
2359,232.0,224.0,0.0
2360,265.0,89.0,0.0
2361,100.0,148.0,0.0
2362,340.0,302.0,0.0
2363,426.0,14.0,0.0
2364,320.0,302.0,0.0
2365,408.0,180.0,0.0
2366,515.0,133.0,0.0
2367,8.0,144.0,0.0
2368,465.0,84.0,0.0
2369,627.0,238.0,0.0
2370,378.0,408.0,0.0
2371,447.0,33.0,0.0
2372,334.0,167.0,0.0
2373,203.0,205.0,0.0
2374,557.0,339.0,0.0
2375,169.0,215.0,0.0
2376,370.0,208.0,0.0
2377,546.0,319.0,0.0
2378,458.0,121.0,0.0
2379,62.0,309.0,0.0
2380,1.0,139.0,0.0
2381,566.0,301.0,0.0
2382,627.0,175.0,0.0
2383,434.0,318.0,0.0
2384,636.0,133.0,0.0
2385,40.0,192.0,0.0
2386,465.0,79.0,0.0
2387,599.0,350.0,0.0
2388,413.0,35.0,0.0
2389,585.0,78.0,0.0
2390,243.0,187.0,0.0
2391,566.0,337.0,0.0
2392,227.0,152.0,0.0
2393,578.0,223.0,0.0
2394,257.0,305.0,0.0
2395,636.0,6.0,0.0
2396,437.0,104.0,0.0
2397,195.0,385.0,0.0
2398,104.0,169.0,0.0
2399,310.0,44.0,0.0
2400,500.0,129.0,0.0
2401,661.0,197.0,0.0
2402,172.0,250.0,0.0
2403,459.0,408.0,0.0
2404,447.0,208.0,0.0
2405,378.0,174.0,0.0
2406,390.0,212.0,0.0
2407,349.0,367.0,0.0
2408,489.0,181.0,0.0
2409,280.0,265.0,0.0
2410,61.0,217.0,0.0
2411,179.0,160.0,0.0
2412,157.0,299.0,0.0
2413,526.0,186.0,0.0
2414,576.0,334.0,0.0
2415,288.0,131.0,0.0
2416,630.0,52.0,0.0
2417,331.0,376.0,0.0
2418,454.0,147.0,0.0
2419,171.0,114.0,0.0
2420,135.0,273.0,0.0
2421,12.0,145.0,0.0
2422,244.0,323.0,0.0
2423,323.0,59.0,0.0
2424,72.0,93.0,0.0
2425,13.0,309.0,0.0
2426,153.0,185.0,0.0
2427,616.0,25.0,0.0
2428,311.0,221.0,0.0
2429,42.0,251.0,0.0
2430,26.0,281.0,0.0
2431,260.0,160.0,0.0
2432,606.0,344.0,0.0
2433,562.0,109.0,0.0
2434,509.0,290.0,0.0
2435,248.0,249.0,0.0
2436,404.0,214.0,0.0
2437,614.0,194.0,0.0
2438,184.0,96.0,0.0
2439,322.0,319.0,0.0
2440,371.0,399.0,0.0
2441,324.0,178.0,0.0
2442,317.0,200.0,0.0
2443,285.0,91.0,0.0
2444,638.0,10.0,0.0
2445,305.0,80.0,0.0
2446,558.0,349.0,0.0
2447,23.0,268.0,0.0
2448,522.0,385.0,0.0
2449,553.0,63.0,0.0
2450,487.0,192.0,0.0
2451,263.0,334.0,0.0
2452,584.0,233.0,0.0
2453,662.0,64.0,0.0
2454,554.0,243.0,0.0
2455,337.0,235.0,0.0
2456,468.0,95.0,0.0
2457,85.0,377.0,0.0
2458,330.0,170.0,0.0
2459,600.0,214.0,0.0
2460,270.0,227.0,0.0
2461,646.0,377.0,0.0
2462,39.0,215.0,0.0
2463,109.0,21.0,0.0
2464,550.0,389.0,0.0
2465,428.0,293.0,0.0
2466,40.0,289.0,0.0
2467,626.0,111.0,0.0
2468,515.0,256.0,0.0
2469,192.0,9.0,0.0
2470,446.0,38.0,0.0
2471,293.0,121.0,0.0
2472,36.0,310.0,0.0
2473,175.0,219.0,0.0
2474,648.0,374.0,0.0
2475,89.0,27.0,0.0
2476,452.0,391.0,0.0
2477,236.0,292.0,0.0
2478,493.0,168.0,0.0
2479,661.0,319.0,0.0
2480,477.0,162.0,0.0
2481,184.0,188.0,0.0
2482,517.0,408.0,0.0
2483,140.0,32.0,0.0
2484,251.0,178.0,0.0
2485,413.0,87.0,0.0
2486,374.0,239.0,0.0
2487,499.0,275.0,0.0
2488,462.0,26.0,0.0
2489,449.0,151.0,0.0
2490,208.0,199.0,0.0
2491,27.0,257.0,0.0
2492,188.0,124.0,0.0
2493,101.0,65.0,0.0
2494,35.0,405.0,0.0
2495,613.0,310.0,0.0
2496,511.0,147.0,0.0
2497,436.0,217.0,0.0
2498,445.0,77.0,0.0
2499,100.0,189.0,0.0
2500,215.0,192.0,0.0
2501,627.0,84.0,0.0
2502,30.0,73.0,0.0
2503,605.0,211.0,0.0
2504,506.0,70.0,0.0
2505,547.0,215.0,0.0
2506,466.0,43.0,0.0
2507,361.0,229.0,0.0
2508,70.0,403.0,0.0
2509,427.0,188.0,0.0
2510,444.0,247.0,0.0
2511,107.0,121.0,0.0
2512,468.0,47.0,0.0
2513,406.0,378.0,0.0
2514,333.0,157.0,0.0
2515,639.0,294.0,0.0
2516,166.0,40.0,0.0
2517,437.0,395.0,0.0
2518,271.0,181.0,0.0
2519,537.0,333.0,0.0
2520,35.0,115.0,0.0
2521,154.0,246.0,0.0
2522,264.0,331.0,0.0
2523,438.0,370.0,0.0
2524,532.0,61.0,0.0
2525,601.0,395.0,0.0
2526,274.0,407.0,0.0
2527,624.0,96.0,0.0
2528,334.0,369.0,0.0
2529,328.0,96.0,0.0
2530,542.0,142.0,0.0
2531,281.0,119.0,0.0
2532,437.0,293.0,0.0
2533,170.0,178.0,0.0
2534,364.0,356.0,0.0
2535,615.0,235.0,0.0
2536,454.0,354.0,0.0
2537,644.0,19.0,0.0
2538,389.0,223.0,0.0
2539,363.0,272.0,0.0
2540,45.0,212.0,0.0
2541,4.0,164.0,0.0
2542,202.0,110.0,0.0
2543,58.0,370.0,0.0
2544,309.0,121.0,0.0
2545,257.0,151.0,0.0
2546,552.0,192.0,0.0
2547,227.0,158.0,0.0
2548,116.0,149.0,0.0
2549,13.0,248.0,0.0
2550,488.0,300.0,0.0
2551,41.0,298.0,0.0
2552,239.0,43.0,0.0
2553,377.0,363.0,0.0
2554,644.0,365.0,0.0
2555,74.0,236.0,0.0
2556,570.0,120.0,0.0
2557,131.0,118.0,0.0
2558,191.0,252.0,0.0
2559,586.0,198.0,0.0
2560,194.0,72.0,0.0
2561,228.0,77.0,0.0
2562,382.0,381.0,0.0
2563,401.0,334.0,0.0
2564,377.0,287.0,0.0
2565,253.0,338.0,0.0
2566,406.0,235.0,0.0
2567,551.0,233.0,0.0
2568,172.0,351.0,0.0
2569,277.0,155.0,0.0
2570,462.0,402.0,0.0
2571,429.0,181.0,0.0
2572,528.0,404.0,0.0
2573,586.0,316.0,0.0
2574,542.0,303.0,0.0
2575,154.0,144.0,0.0
2576,547.0,120.0,0.0
2577,219.0,396.0,0.0
2578,304.0,275.0,0.0
2579,387.0,153.0,0.0
2580,27.0,299.0,0.0
2581,29.0,367.0,0.0
2582,323.0,140.0,0.0
2583,251.0,281.0,0.0
2584,615.0,328.0,0.0
2585,159.0,10.0,0.0
2586,536.0,222.0,0.0
2587,498.0,175.0,0.0
2588,571.0,231.0,0.0
2589,430.0,2.0,0.0
2590,579.0,402.0,0.0
2591,594.0,326.0,0.0
2592,32.0,219.0,0.0
2593,418.0,333.0,0.0
2594,70.0,93.0,0.0
2595,437.0,13.0,0.0
2596,525.0,366.0,0.0
2597,454.0,296.0,0.0
2598,431.0,55.0,0.0
2599,84.0,42.0,0.0
2600,75.0,64.0,0.0
2601,493.0,39.0,0.0
2602,192.0,363.0,0.0
2603,430.0,156.0,0.0
2604,210.0,119.0,0.0
2605,343.0,351.0,0.0
2606,275.0,43.0,0.0
2607,626.0,317.0,0.0
2608,344.0,387.0,0.0
2609,69.0,347.0,0.0
2610,491.0,318.0,0.0
2611,488.0,304.0,0.0
2612,525.0,118.0,0.0
2613,120.0,343.0,0.0
2614,492.0,7.0,0.0
2615,490.0,303.0,0.0
2616,164.0,324.0,0.0
2617,42.0,190.0,0.0
2618,489.0,5.0,0.0
2619,206.0,140.0,0.0
2620,311.0,134.0,0.0
2621,155.0,133.0,0.0
2622,210.0,49.0,0.0
2623,456.0,357.0,0.0
2624,393.0,265.0,0.0
2625,381.0,105.0,0.0
2626,505.0,83.0,0.0
2627,29.0,140.0,0.0
2628,12.0,313.0,0.0
2629,620.0,67.0,0.0
2630,42.0,176.0,0.0
2631,562.0,38.0,0.0
2632,592.0,360.0,0.0
2633,251.0,322.0,0.0
2634,239.0,327.0,0.0
2635,269.0,80.0,0.0
2636,173.0,279.0,0.0
2637,210.0,284.0,0.0
2638,505.0,234.0,0.0
2639,280.0,336.0,0.0
2640,123.0,222.0,0.0
2641,106.0,302.0,0.0
2642,235.0,241.0,0.0
2643,164.0,174.0,0.0
2644,116.0,262.0,0.0
2645,168.0,105.0,0.0
2646,228.0,236.0,0.0
2647,6.0,96.0,0.0
2648,348.0,37.0,0.0
2649,420.0,209.0,0.0
2650,280.0,122.0,0.0
2651,544.0,393.0,0.0
2652,433.0,377.0,0.0
2653,221.0,339.0,0.0
2654,522.0,115.0,0.0
2655,490.0,132.0,0.0
2656,230.0,21.0,0.0
2657,436.0,251.0,0.0
2658,376.0,317.0,0.0
2659,565.0,365.0,0.0
2660,449.0,118.0,0.0
2661,411.0,224.0,0.0
2662,557.0,302.0,0.0
2663,600.0,110.0,0.0
2664,222.0,400.0,0.0
2665,452.0,274.0,0.0
2666,383.0,28.0,0.0
2667,81.0,156.0,0.0
2668,136.0,163.0,0.0
2669,506.0,379.0,0.0
2670,170.0,297.0,0.0
2671,621.0,246.0,0.0
2672,445.0,189.0,0.0
2673,359.0,100.0,0.0
2674,401.0,21.0,0.0
2675,256.0,63.0,0.0
2676,274.0,262.0,0.0
2677,64.0,11.0,0.0
2678,393.0,218.0,0.0
2679,202.0,363.0,0.0
2680,426.0,338.0,0.0
2681,402.0,305.0,0.0
2682,543.0,404.0,0.0
2683,61.0,377.0,0.0
2684,553.0,130.0,0.0
2685,237.0,204.0,0.0
2686,203.0,124.0,0.0
2687,350.0,243.0,0.0
2688,222.0,18.0,0.0
2689,265.0,343.0,0.0
2690,147.0,177.0,0.0
2691,546.0,352.0,0.0
2692,239.0,225.0,0.0
2693,208.0,175.0,0.0
2694,114.0,24.0,0.0
2695,606.0,187.0,0.0
2696,560.0,289.0,0.0
2697,97.0,399.0,0.0
2698,64.0,226.0,0.0
2699,362.0,242.0,0.0
2700,119.0,193.0,0.0
2701,616.0,34.0,0.0
2702,641.0,333.0,0.0
2703,49.0,254.0,0.0
2704,100.0,11.0,0.0
2705,306.0,43.0,0.0
2706,460.0,32.0,0.0
2707,534.0,286.0,0.0
2708,56.0,165.0,0.0
2709,363.0,392.0,0.0
2710,383.0,176.0,0.0
2711,434.0,46.0,0.0
2712,114.0,267.0,0.0
2713,202.0,245.0,0.0
2714,448.0,379.0,0.0
2715,91.0,170.0,0.0
2716,658.0,123.0,0.0
2717,281.0,75.0,0.0
2718,162.0,320.0,0.0
2719,563.0,111.0,0.0
2720,510.0,71.0,0.0
2721,38.0,129.0,0.0
2722,415.0,310.0,0.0
2723,311.0,346.0,0.0
2724,220.0,146.0,0.0
2725,293.0,291.0,0.0
2726,436.0,300.0,0.0
2727,49.0,78.0,0.0
2728,340.0,350.0,0.0
2729,401.0,26.0,0.0
2730,30.0,280.0,0.0
2731,637.0,319.0,0.0
2732,191.0,311.0,0.0
2733,542.0,328.0,0.0
2734,230.0,356.0,0.0
2735,118.0,219.0,0.0
2736,296.0,263.0,0.0
2737,175.0,390.0,0.0
2738,399.0,181.0,0.0
2739,414.0,381.0,0.0
2740,301.0,318.0,0.0
2741,17.0,55.0,0.0
2742,249.0,322.0,0.0
2743,605.0,7.0,0.0
2744,441.0,69.0,0.0
2745,221.0,84.0,0.0
2746,65.0,302.0,0.0
2747,329.0,199.0,0.0
2748,392.0,48.0,0.0
2749,191.0,144.0,0.0
2750,0.0,175.0,0.0
2751,495.0,143.0,0.0
2752,250.0,184.0,0.0
2753,268.0,39.0,0.0
2754,105.0,181.0,0.0
2755,64.0,219.0,0.0
2756,77.0,6.0,0.0
2757,519.0,184.0,0.0
2758,375.0,311.0,0.0
2759,498.0,211.0,0.0
2760,572.0,30.0,0.0
2761,544.0,4.0,0.0
2762,442.0,204.0,0.0
2763,456.0,183.0,0.0
2764,21.0,301.0,0.0
2765,301.0,34.0,0.0
2766,122.0,16.0,0.0
2767,407.0,273.0,0.0
2768,72.0,8.0,0.0
2769,105.0,179.0,0.0
2770,137.0,359.0,0.0
2771,232.0,261.0,0.0
2772,656.0,117.0,0.0
2773,380.0,333.0,0.0
2774,440.0,53.0,0.0
2775,406.0,105.0,0.0
2776,185.0,134.0,0.0
2777,298.0,301.0,0.0
2778,461.0,196.0,0.0
2779,606.0,33.0,0.0
2780,590.0,140.0,0.0
2781,477.0,226.0,0.0
2782,277.0,0.0,0.0
2783,48.0,110.0,0.0
2784,380.0,53.0,0.0
2785,117.0,188.0,0.0
2786,566.0,262.0,0.0
2787,145.0,336.0,0.0
2788,187.0,50.0,0.0
2789,70.0,80.0,0.0
2790,404.0,265.0,0.0
2791,478.0,374.0,0.0
2792,291.0,30.0,0.0
2793,639.0,386.0,0.0
2794,509.0,235.0,0.0
2795,60.0,59.0,0.0
2796,444.0,69.0,0.0
2797,418.0,184.0,0.0
2798,443.0,401.0,0.0
2799,289.0,188.0,0.0
2800,76.0,365.0,0.0
2801,191.0,399.0,0.0
2802,157.0,272.0,0.0
2803,94.0,46.0,0.0
2804,393.0,111.0,0.0
2805,28.0,140.0,0.0
2806,640.0,97.0,0.0
2807,491.0,154.0,0.0
2808,84.0,282.0,0.0
2809,106.0,137.0,0.0
2810,202.0,58.0,0.0
2811,347.0,28.0,0.0
2812,149.0,360.0,0.0
2813,491.0,149.0,0.0
2814,443.0,244.0,0.0
2815,569.0,238.0,0.0
2816,292.0,267.0,0.0
2817,283.0,12.0,0.0
2818,584.0,18.0,0.0
2819,613.0,296.0,0.0
2820,208.0,380.0,0.0
2821,396.0,391.0,0.0
2822,313.0,254.0,0.0
2823,601.0,39.0,0.0
2824,406.0,365.0,0.0
2825,81.0,131.0,0.0
2826,546.0,267.0,0.0
2827,633.0,278.0,0.0
2828,283.0,269.0,0.0
2829,290.0,330.0,0.0
2830,177.0,73.0,0.0
2831,249.0,375.0,0.0
2832,147.0,303.0,0.0
2833,199.0,404.0,0.0
2834,642.0,226.0,0.0
2835,268.0,397.0,0.0
2836,454.0,116.0,0.0
2837,632.0,355.0,0.0
2838,156.0,55.0,0.0
2839,445.0,131.0,0.0
2840,0.0,253.0,0.0
2841,66.0,285.0,0.0
2842,124.0,168.0,0.0
2843,563.0,194.0,0.0
2844,138.0,162.0,0.0
2845,367.0,110.0,0.0
2846,208.0,266.0,0.0
2847,513.0,183.0,0.0
2848,92.0,244.0,0.0
2849,327.0,381.0,0.0
2850,320.0,271.0,0.0
2851,152.0,138.0,0.0
2852,599.0,52.0,0.0
2853,303.0,283.0,0.0
2854,635.0,34.0,0.0
2855,61.0,60.0,0.0
2856,465.0,334.0,0.0
2857,442.0,1.0,0.0
2858,531.0,364.0,0.0
2859,226.0,50.0,0.0
2860,447.0,386.0,0.0
2861,306.0,84.0,0.0
2862,419.0,328.0,0.0
2863,436.0,190.0,0.0
2864,419.0,258.0,0.0
2865,499.0,312.0,0.0
2866,423.0,109.0,0.0
2867,388.0,164.0,0.0
2868,501.0,182.0,0.0
2869,27.0,2.0,0.0
2870,226.0,193.0,0.0
2871,610.0,379.0,0.0
2872,623.0,220.0,0.0
2873,197.0,324.0,0.0
2874,462.0,336.0,0.0
2875,287.0,326.0,0.0
2876,144.0,202.0,0.0
2877,98.0,353.0,0.0
2878,394.0,46.0,0.0
2879,549.0,272.0,0.0
2880,535.0,283.0,0.0
2881,497.0,363.0,0.0
2882,651.0,188.0,0.0
2883,431.0,376.0,0.0
2884,476.0,317.0,0.0
2885,639.0,67.0,0.0
2886,563.0,24.0,0.0
2887,310.0,354.0,0.0
2888,523.0,407.0,0.0
2889,305.0,99.0,0.0
2890,449.0,95.0,0.0
2891,399.0,20.0,0.0
2892,491.0,340.0,0.0
2893,266.0,279.0,0.0
2894,636.0,375.0,0.0
2895,581.0,394.0,0.0
2896,623.0,140.0,0.0
2897,350.0,319.0,0.0
2898,10.0,249.0,0.0
2899,208.0,295.0,0.0
2900,144.0,240.0,0.0
2901,305.0,298.0,0.0
2902,44.0,227.0,0.0
2903,112.0,146.0,0.0
2904,207.0,188.0,0.0
2905,297.0,139.0,0.0
2906,276.0,347.0,0.0
2907,228.0,210.0,0.0
2908,326.0,35.0,0.0
2909,131.0,75.0,0.0
2910,522.0,168.0,0.0
2911,217.0,317.0,0.0
2912,144.0,353.0,0.0
2913,498.0,276.0,0.0
2914,433.0,221.0,0.0
2915,324.0,132.0,0.0
2916,333.0,67.0,0.0
2917,314.0,325.0,0.0
2918,40.0,22.0,0.0
2919,122.0,321.0,0.0
2920,130.0,83.0,0.0
2921,166.0,66.0,0.0
2922,264.0,198.0,0.0
2923,603.0,397.0,0.0
2924,623.0,372.0,0.0
2925,137.0,119.0,0.0
2926,461.0,324.0,0.0
2927,172.0,330.0,0.0
2928,281.0,335.0,0.0
2929,15.0,71.0,0.0
2930,507.0,188.0,0.0
2931,382.0,329.0,0.0
2932,273.0,356.0,0.0
2933,399.0,36.0,0.0
2934,562.0,51.0,0.0
2935,405.0,390.0,0.0
2936,45.0,233.0,0.0
2937,274.0,218.0,0.0
2938,62.0,107.0,0.0
2939,587.0,336.0,0.0
2940,209.0,199.0,0.0
2941,381.0,186.0,0.0
2942,275.0,40.0,0.0
2943,19.0,186.0,0.0
2944,243.0,70.0,0.0
2945,418.0,20.0,0.0
2946,139.0,299.0,0.0
2947,219.0,77.0,0.0
2948,366.0,215.0,0.0
2949,268.0,105.0,0.0
2950,31.0,334.0,0.0
2951,217.0,165.0,0.0
2952,288.0,238.0,0.0
2953,161.0,50.0,0.0
2954,652.0,11.0,0.0
2955,371.0,200.0,0.0
2956,290.0,234.0,0.0
2957,319.0,344.0,0.0
2958,136.0,285.0,0.0
2959,529.0,113.0,0.0
2960,206.0,229.0,0.0
2961,248.0,393.0,0.0
2962,499.0,199.0,0.0
2963,51.0,252.0,0.0
2964,231.0,407.0,0.0
2965,451.0,323.0,0.0
2966,64.0,132.0,0.0
2967,435.0,94.0,0.0
2968,168.0,311.0,0.0
2969,483.0,100.0,0.0
2970,87.0,325.0,0.0
2971,647.0,115.0,0.0
2972,138.0,308.0,0.0
2973,58.0,37.0,0.0
2974,413.0,183.0,0.0
2975,585.0,145.0,0.0
2976,597.0,103.0,0.0
2977,566.0,137.0,0.0
2978,255.0,32.0,0.0
2979,422.0,57.0,0.0
2980,450.0,310.0,0.0
2981,516.0,123.0,0.0
2982,569.0,383.0,0.0
2983,604.0,130.0,0.0
2984,398.0,337.0,0.0
2985,651.0,299.0,0.0
2986,147.0,175.0,0.0
2987,371.0,172.0,0.0
2988,123.0,219.0,0.0
2989,520.0,83.0,0.0
2990,206.0,107.0,0.0
2991,92.0,29.0,0.0
2992,224.0,65.0,0.0
2993,455.0,362.0,0.0
2994,367.0,219.0,0.0
2995,70.0,184.0,0.0
2996,656.0,158.0,0.0
2997,486.0,324.0,0.0
2998,273.0,68.0,0.0
2999,32.0,152.0,0.0
3000,425.0,198.0,0.0
3001,367.0,335.0,0.0
3002,19.0,171.0,0.0
3003,552.0,328.0,0.0
3004,477.0,173.0,0.0
3005,639.0,168.0,0.0
3006,18.0,402.0,0.0
3007,63.0,65.0,0.0
3008,256.0,22.0,0.0
3009,218.0,380.0,0.0
3010,324.0,213.0,0.0
3011,68.0,195.0,0.0
3012,203.0,230.0,0.0
3013,489.0,266.0,0.0
3014,204.0,327.0,0.0
3015,329.0,329.0,0.0
3016,32.0,206.0,0.0
3017,635.0,92.0,0.0
3018,423.0,328.0,0.0
3019,553.0,229.0,0.0
3020,633.0,361.0,0.0
3021,597.0,393.0,0.0
3022,70.0,259.0,0.0
3023,35.0,356.0,0.0
3024,175.0,183.0,0.0
3025,181.0,286.0,0.0
3026,90.0,67.0,0.0
3027,574.0,103.0,0.0
3028,218.0,244.0,0.0
3029,289.0,144.0,0.0
3030,492.0,120.0,0.0
3031,530.0,289.0,0.0
3032,131.0,47.0,0.0
3033,488.0,74.0,0.0
3034,63.0,120.0,0.0
3035,38.0,170.0,0.0
3036,589.0,67.0,0.0
3037,81.0,151.0,0.0
3038,477.0,41.0,0.0
3039,224.0,211.0,0.0
3040,290.0,93.0,0.0
3041,214.0,294.0,0.0
3042,490.0,74.0,0.0
3043,633.0,269.0,0.0
3044,97.0,74.0,0.0
3045,313.0,181.0,0.0
3046,402.0,117.0,0.0
3047,543.0,268.0,0.0
3048,251.0,111.0,0.0
3049,554.0,182.0,0.0
3050,75.0,389.0,0.0
3051,526.0,303.0,0.0
3052,193.0,2.0,0.0
3053,81.0,27.0,0.0
3054,373.0,216.0,0.0
3055,493.0,182.0,0.0
3056,396.0,261.0,0.0
3057,156.0,165.0,0.0
3058,123.0,104.0,0.0
3059,459.0,136.0,0.0
3060,546.0,40.0,0.0
3061,112.0,132.0,0.0
3062,623.0,16.0,0.0
3063,210.0,237.0,0.0
3064,366.0,232.0,0.0
3065,646.0,271.0,0.0
3066,76.0,345.0,0.0
3067,413.0,39.0,0.0
3068,533.0,261.0,0.0
3069,480.0,182.0,0.0
3070,245.0,339.0,0.0
3071,321.0,126.0,0.0
3072,305.0,186.0,0.0
3073,517.0,117.0,0.0
3074,525.0,266.0,0.0
3075,640.0,226.0,0.0
3076,88.0,237.0,0.0
3077,8.0,284.0,0.0
3078,590.0,100.0,0.0
3079,510.0,53.0,0.0
3080,288.0,150.0,0.0
3081,332.0,234.0,0.0
3082,284.0,303.0,0.0
3083,19.0,300.0,0.0
3084,555.0,142.0,0.0
3085,144.0,324.0,0.0
3086,482.0,278.0,0.0
3087,338.0,37.0,0.0
3088,152.0,194.0,0.0
3089,334.0,179.0,0.0
3090,94.0,242.0,0.0
3091,54.0,66.0,0.0
3092,588.0,355.0,0.0
3093,423.0,49.0,0.0
3094,564.0,363.0,0.0
3095,606.0,156.0,0.0
3096,78.0,25.0,0.0
3097,53.0,306.0,0.0
3098,604.0,34.0,0.0
3099,637.0,98.0,0.0
3100,638.0,71.0,0.0
3101,163.0,271.0,0.0
3102,312.0,23.0,0.0
3103,394.0,91.0,0.0
3104,347.0,184.0,0.0
3105,354.0,183.0,0.0
3106,469.0,7.0,0.0
3107,350.0,333.0,0.0
3108,86.0,309.0,0.0
3109,517.0,348.0,0.0
3110,176.0,243.0,0.0
3111,489.0,168.0,0.0
3112,3.0,80.0,0.0
3113,361.0,253.0,0.0
3114,271.0,338.0,0.0
3115,161.0,38.0,0.0
3116,238.0,220.0,0.0
3117,656.0,314.0,0.0
3118,662.0,168.0,0.0
3119,497.0,122.0,0.0
3120,107.0,49.0,0.0
3121,593.0,243.0,0.0
3122,486.0,199.0,0.0
3123,132.0,15.0,0.0
3124,453.0,206.0,0.0
3125,570.0,53.0,0.0
3126,574.0,238.0,0.0
3127,529.0,233.0,0.0
3128,387.0,394.0,0.0
3129,79.0,269.0,0.0
3130,474.0,290.0,0.0
3131,540.0,297.0,0.0
3132,240.0,98.0,0.0
3133,431.0,297.0,0.0
3134,400.0,2.0,0.0
3135,577.0,106.0,0.0
3136,649.0,129.0,0.0
3137,517.0,272.0,0.0
3138,84.0,327.0,0.0
3139,524.0,39.0,0.0
3140,633.0,76.0,0.0
3141,407.0,97.0,0.0
3142,329.0,76.0,0.0
3143,344.0,398.0,0.0
3144,57.0,50.0,0.0
3145,499.0,8.0,0.0
3146,309.0,204.0,0.0
3147,30.0,42.0,0.0
3148,645.0,391.0,0.0
3149,519.0,39.0,0.0
3150,52.0,25.0,0.0
3151,3.0,267.0,0.0
3152,403.0,248.0,0.0
3153,600.0,193.0,0.0
3154,368.0,227.0,0.0
3155,334.0,211.0,0.0
3156,115.0,346.0,0.0
3157,187.0,314.0,0.0
3158,646.0,204.0,0.0
3159,227.0,289.0,0.0
3160,636.0,380.0,0.0
3161,626.0,408.0,0.0
3162,484.0,288.0,0.0
3163,156.0,182.0,0.0
3164,599.0,207.0,0.0
3165,11.0,156.0,0.0
3166,536.0,333.0,0.0
3167,448.0,103.0,0.0
3168,546.0,171.0,0.0
3169,202.0,281.0,0.0
3170,559.0,397.0,0.0
3171,350.0,39.0,0.0
3172,345.0,93.0,0.0
3173,145.0,310.0,0.0
3174,103.0,362.0,0.0
3175,578.0,77.0,0.0
3176,620.0,322.0,0.0
3177,31.0,155.0,0.0
3178,531.0,27.0,0.0
3179,238.0,300.0,0.0
3180,102.0,70.0,0.0
3181,153.0,287.0,0.0
3182,198.0,271.0,0.0
3183,394.0,290.0,0.0
3184,318.0,282.0,0.0
3185,269.0,10.0,0.0
3186,286.0,263.0,0.0
3187,59.0,267.0,0.0
3188,292.0,43.0,0.0
3189,67.0,351.0,0.0
3190,55.0,365.0,0.0
3191,541.0,186.0,0.0
3192,266.0,234.0,0.0
3193,487.0,120.0,0.0
3194,272.0,79.0,0.0
3195,102.0,51.0,0.0
3196,42.0,241.0,0.0
3197,403.0,195.0,0.0
3198,453.0,296.0,0.0
3199,5.0,303.0,0.0
3200,244.0,52.0,0.0
3201,68.0,231.0,0.0
3202,600.0,309.0,0.0
3203,526.0,100.0,0.0
3204,260.0,145.0,0.0
3205,361.0,404.0,0.0
3206,520.0,333.0,0.0
3207,32.0,198.0,0.0
3208,453.0,308.0,0.0
3209,35.0,338.0,0.0
3210,200.0,51.0,0.0
3211,623.0,51.0,0.0
3212,213.0,183.0,0.0
3213,152.0,264.0,0.0
3214,62.0,285.0,0.0
3215,528.0,85.0,0.0
3216,393.0,134.0,0.0
3217,420.0,204.0,0.0
3218,294.0,237.0,0.0
3219,293.0,177.0,0.0
3220,551.0,375.0,0.0
3221,48.0,180.0,0.0
3222,181.0,231.0,0.0
3223,554.0,15.0,0.0
3224,215.0,145.0,0.0
3225,125.0,285.0,0.0
3226,287.0,270.0,0.0
3227,378.0,357.0,0.0
3228,585.0,398.0,0.0
3229,366.0,339.0,0.0
3230,222.0,278.0,0.0
3231,606.0,122.0,0.0
3232,40.0,93.0,0.0
3233,330.0,118.0,0.0
3234,506.0,8.0,0.0
3235,181.0,267.0,0.0
3236,419.0,375.0,0.0
3237,341.0,154.0,0.0
3238,53.0,400.0,0.0
3239,428.0,10.0,0.0
3240,125.0,116.0,0.0
3241,597.0,135.0,0.0
3242,132.0,73.0,0.0
3243,48.0,322.0,0.0
3244,30.0,339.0,0.0
3245,431.0,371.0,0.0
3246,547.0,72.0,0.0
3247,86.0,28.0,0.0
3248,49.0,383.0,0.0
3249,34.0,146.0,0.0
3250,519.0,294.0,0.0
3251,561.0,149.0,0.0
3252,300.0,15.0,0.0
3253,265.0,119.0,0.0
3254,230.0,28.0,0.0
3255,65.0,8.0,0.0
3256,47.0,376.0,0.0
3257,19.0,379.0,0.0
3258,639.0,393.0,0.0
3259,539.0,48.0,0.0
3260,597.0,371.0,0.0
3261,138.0,58.0,0.0
3262,133.0,9.0,0.0
3263,283.0,56.0,0.0
3264,488.0,121.0,0.0
3265,296.0,62.0,0.0
3266,65.0,30.0,0.0
3267,552.0,76.0,0.0
3268,645.0,358.0,0.0
3269,389.0,354.0,0.0
3270,414.0,114.0,0.0
3271,579.0,142.0,0.0
3272,326.0,111.0,0.0
3273,67.0,87.0,0.0
3274,449.0,250.0,0.0
3275,550.0,131.0,0.0
3276,137.0,293.0,0.0
3277,460.0,347.0,0.0
3278,391.0,316.0,0.0
3279,539.0,182.0,0.0
3280,497.0,68.0,0.0
3281,431.0,393.0,0.0
3282,437.0,405.0,0.0
3283,547.0,322.0,0.0
3284,534.0,390.0,0.0
3285,392.0,101.0,0.0
3286,568.0,209.0,0.0
3287,194.0,322.0,0.0
3288,497.0,134.0,0.0
3289,590.0,211.0,0.0
3290,422.0,178.0,0.0
3291,504.0,41.0,0.0
3292,303.0,247.0,0.0
3293,62.0,173.0,0.0
3294,570.0,66.0,0.0
3295,61.0,180.0,0.0
3296,601.0,392.0,0.0
3297,488.0,118.0,0.0
3298,504.0,85.0,0.0
3299,470.0,279.0,0.0
3300,356.0,82.0,0.0
3301,157.0,380.0,0.0
3302,384.0,212.0,0.0
3303,449.0,241.0,0.0
3304,470.0,288.0,0.0
3305,571.0,268.0,0.0
3306,649.0,233.0,0.0
3307,404.0,113.0,0.0
3308,655.0,360.0,0.0
3309,516.0,249.0,0.0
3310,163.0,288.0,0.0
3311,432.0,353.0,0.0
3312,542.0,178.0,0.0
3313,36.0,116.0,0.0
3314,376.0,189.0,0.0
3315,421.0,148.0,0.0
3316,428.0,200.0,0.0
3317,624.0,242.0,0.0
3318,540.0,337.0,0.0
3319,82.0,265.0,0.0
3320,392.0,144.0,0.0
3321,413.0,309.0,0.0
3322,210.0,256.0,0.0
3323,45.0,403.0,0.0
3324,127.0,224.0,0.0
3325,201.0,376.0,0.0
3326,311.0,367.0,0.0
3327,399.0,8.0,0.0
3328,21.0,380.0,0.0
3329,50.0,10.0,0.0
3330,390.0,355.0,0.0
3331,591.0,147.0,0.0
3332,638.0,382.0,0.0
3333,243.0,174.0,0.0
3334,457.0,283.0,0.0
3335,342.0,296.0,0.0
3336,661.0,166.0,0.0
3337,59.0,55.0,0.0
3338,522.0,167.0,0.0
3339,475.0,169.0,0.0
3340,484.0,6.0,0.0
3341,535.0,32.0,0.0
3342,595.0,89.0,0.0
3343,387.0,82.0,0.0
3344,546.0,365.0,0.0
3345,219.0,273.0,0.0
3346,97.0,285.0,0.0
3347,154.0,302.0,0.0
3348,465.0,218.0,0.0
3349,652.0,321.0,0.0
3350,634.0,337.0,0.0
3351,157.0,106.0,0.0
3352,162.0,273.0,0.0
3353,211.0,265.0,0.0
3354,158.0,402.0,0.0
3355,2.0,203.0,0.0
3356,20.0,387.0,0.0
3357,480.0,166.0,0.0
3358,544.0,36.0,0.0
3359,24.0,322.0,0.0
3360,62.0,401.0,0.0
3361,454.0,170.0,0.0
3362,500.0,38.0,0.0
3363,429.0,175.0,0.0
3364,188.0,404.0,0.0
3365,297.0,236.0,0.0
3366,82.0,175.0,0.0
3367,112.0,373.0,0.0
3368,517.0,373.0,0.0
3369,573.0,257.0,0.0
3370,3.0,202.0,0.0
3371,651.0,107.0,0.0
3372,228.0,308.0,0.0
3373,292.0,211.0,0.0
3374,54.0,47.0,0.0
3375,244.0,146.0,0.0
3376,502.0,140.0,0.0
3377,331.0,377.0,0.0
3378,232.0,397.0,0.0
3379,58.0,405.0,0.0
3380,379.0,53.0,0.0
3381,568.0,92.0,0.0
3382,221.0,122.0,0.0
3383,205.0,290.0,0.0
3384,277.0,337.0,0.0
3385,588.0,137.0,0.0
3386,617.0,204.0,0.0
3387,404.0,57.0,0.0
3388,106.0,124.0,0.0
3389,70.0,48.0,0.0
3390,317.0,175.0,0.0
3391,316.0,339.0,0.0
3392,611.0,140.0,0.0
3393,411.0,121.0,0.0
3394,263.0,187.0,0.0
3395,522.0,32.0,0.0
3396,452.0,175.0,0.0
3397,605.0,376.0,0.0
3398,3.0,147.0,0.0
3399,388.0,107.0,0.0
3400,414.0,393.0,0.0
3401,518.0,12.0,0.0
3402,650.0,126.0,0.0
3403,653.0,257.0,0.0
3404,150.0,216.0,0.0
3405,393.0,274.0,0.0
3406,97.0,385.0,0.0
3407,320.0,39.0,0.0
3408,121.0,173.0,0.0
3409,605.0,12.0,0.0
3410,8.0,71.0,0.0
3411,37.0,270.0,0.0
3412,365.0,142.0,0.0
3413,151.0,85.0,0.0
3414,577.0,361.0,0.0
3415,33.0,51.0,0.0
3416,525.0,70.0,0.0
3417,304.0,264.0,0.0
3418,609.0,328.0,0.0
3419,397.0,252.0,0.0
3420,603.0,250.0,0.0
3421,224.0,28.0,0.0
3422,209.0,347.0,0.0
3423,545.0,397.0,0.0
3424,363.0,359.0,0.0
3425,3.0,143.0,0.0
3426,332.0,51.0,0.0
3427,575.0,143.0,0.0
3428,255.0,284.0,0.0
3429,223.0,287.0,0.0
3430,556.0,38.0,0.0
3431,209.0,49.0,0.0
3432,303.0,405.0,0.0
3433,366.0,6.0,0.0
3434,48.0,286.0,0.0
3435,57.0,43.0,0.0
3436,379.0,143.0,0.0
3437,470.0,284.0,0.0
3438,7.0,219.0,0.0
3439,287.0,306.0,0.0
3440,588.0,83.0,0.0
3441,644.0,51.0,0.0
3442,98.0,24.0,0.0
3443,408.0,50.0,0.0
3444,130.0,337.0,0.0
3445,217.0,292.0,0.0
3446,583.0,284.0,0.0
3447,253.0,307.0,0.0
3448,239.0,71.0,0.0
3449,513.0,203.0,0.0
3450,447.0,137.0,0.0
3451,521.0,179.0,0.0
3452,503.0,327.0,0.0
3453,524.0,149.0,0.0
3454,126.0,369.0,0.0
3455,44.0,90.0,0.0
3456,616.0,120.0,0.0
3457,197.0,227.0,0.0
3458,26.0,226.0,0.0
3459,635.0,200.0,0.0
3460,293.0,92.0,0.0
3461,128.0,150.0,0.0
3462,31.0,141.0,0.0
3463,13.0,174.0,0.0
3464,204.0,244.0,0.0
3465,122.0,83.0,0.0
3466,272.0,366.0,0.0
3467,227.0,147.0,0.0
3468,310.0,83.0,0.0
3469,618.0,134.0,0.0
3470,232.0,11.0,0.0
3471,219.0,74.0,0.0
3472,563.0,0.0,0.0
3473,394.0,282.0,0.0
3474,241.0,48.0,0.0
3475,279.0,151.0,0.0
3476,626.0,334.0,0.0
3477,543.0,141.0,0.0
3478,464.0,168.0,0.0
3479,604.0,259.0,0.0
3480,556.0,251.0,0.0
3481,153.0,382.0,0.0
3482,118.0,258.0,0.0
3483,65.0,300.0,0.0
3484,383.0,406.0,0.0
3485,462.0,271.0,0.0
3486,2.0,80.0,0.0
3487,73.0,11.0,0.0
3488,42.0,358.0,0.0
3489,182.0,283.0,0.0
3490,3.0,35.0,0.0
3491,107.0,13.0,0.0
3492,391.0,260.0,0.0
3493,117.0,24.0,0.0
3494,168.0,46.0,0.0
3495,508.0,290.0,0.0
3496,484.0,405.0,0.0
3497,92.0,243.0,0.0
3498,159.0,269.0,0.0
3499,564.0,180.0,0.0
3500,248.0,259.0,0.0
3501,409.0,203.0,0.0
3502,486.0,190.0,0.0
3503,532.0,30.0,0.0
3504,505.0,115.0,0.0
3505,557.0,406.0,0.0
3506,284.0,120.0,0.0
3507,92.0,297.0,0.0
3508,395.0,193.0,0.0
3509,501.0,164.0,0.0
3510,282.0,125.0,0.0
3511,383.0,230.0,0.0
3512,481.0,397.0,0.0
3513,300.0,292.0,0.0
3514,218.0,139.0,0.0
3515,148.0,0.0,0.0
3516,48.0,14.0,0.0
3517,496.0,351.0,0.0
3518,638.0,288.0,0.0
3519,153.0,41.0,0.0
3520,486.0,98.0,0.0
3521,653.0,16.0,0.0
3522,437.0,240.0,0.0
3523,353.0,300.0,0.0
3524,8.0,69.0,0.0
3525,333.0,121.0,0.0
3526,6.0,105.0,0.0
3527,490.0,154.0,0.0
3528,576.0,330.0,0.0
3529,317.0,369.0,0.0
3530,314.0,133.0,0.0
3531,398.0,178.0,0.0
3532,369.0,322.0,0.0
3533,558.0,257.0,0.0
3534,375.0,59.0,0.0
3535,595.0,88.0,0.0
3536,362.0,184.0,0.0
3537,146.0,131.0,0.0
3538,111.0,216.0,0.0
3539,437.0,136.0,0.0
3540,83.0,267.0,0.0
3541,307.0,92.0,0.0
3542,383.0,217.0,0.0
3543,624.0,317.0,0.0
3544,350.0,140.0,0.0
3545,549.0,307.0,0.0
3546,48.0,272.0,0.0
3547,481.0,338.0,0.0
3548,105.0,332.0,0.0
3549,451.0,82.0,0.0
3550,145.0,329.0,0.0
3551,344.0,278.0,0.0
3552,595.0,91.0,0.0
3553,290.0,283.0,0.0
3554,171.0,343.0,0.0
3555,53.0,382.0,0.0
3556,362.0,211.0,0.0
3557,600.0,373.0,0.0
3558,280.0,203.0,0.0
3559,367.0,28.0,0.0
3560,320.0,225.0,0.0
3561,13.0,38.0,0.0
3562,185.0,237.0,0.0
3563,348.0,89.0,0.0
3564,285.0,1.0,0.0
3565,428.0,334.0,0.0
3566,420.0,4.0,0.0
3567,544.0,381.0,0.0
3568,379.0,111.0,0.0
3569,438.0,105.0,0.0
3570,137.0,386.0,0.0
3571,11.0,166.0,0.0
3572,496.0,399.0,0.0
3573,304.0,280.0,0.0
3574,198.0,42.0,0.0
3575,152.0,23.0,0.0
3576,376.0,324.0,0.0
3577,74.0,266.0,0.0
3578,404.0,309.0,0.0
3579,537.0,5.0,0.0
3580,37.0,205.0,0.0
3581,389.0,12.0,0.0
3582,68.0,269.0,0.0
3583,325.0,240.0,0.0
3584,116.0,88.0,0.0
3585,110.0,163.0,0.0
3586,83.0,390.0,0.0
3587,19.0,62.0,0.0
3588,318.0,239.0,0.0
3589,531.0,175.0,0.0
3590,615.0,378.0,0.0
3591,78.0,152.0,0.0
3592,109.0,221.0,0.0
3593,358.0,145.0,0.0
3594,32.0,236.0,0.0
3595,536.0,60.0,0.0
3596,613.0,300.0,0.0
3597,460.0,108.0,0.0
3598,516.0,303.0,0.0
3599,630.0,1.0,0.0
3600,469.0,110.0,0.0
3601,38.0,295.0,0.0
3602,133.0,260.0,0.0
3603,246.0,256.0,0.0
3604,129.0,240.0,0.0
3605,353.0,350.0,0.0
3606,300.0,205.0,0.0
3607,105.0,185.0,0.0
3608,291.0,314.0,0.0
3609,267.0,390.0,0.0
3610,56.0,48.0,0.0
3611,492.0,93.0,0.0
3612,305.0,319.0,0.0
3613,106.0,341.0,0.0
3614,257.0,211.0,0.0
3615,145.0,306.0,0.0
3616,348.0,176.0,0.0
3617,625.0,223.0,0.0
3618,633.0,141.0,0.0
3619,358.0,204.0,0.0
3620,486.0,221.0,0.0
3621,137.0,301.0,0.0
3622,348.0,67.0,0.0
3623,396.0,283.0,0.0
3624,187.0,210.0,0.0
3625,194.0,335.0,0.0
3626,643.0,54.0,0.0
3627,87.0,382.0,0.0
3628,147.0,10.0,0.0
3629,239.0,60.0,0.0
3630,362.0,165.0,0.0
3631,550.0,167.0,0.0
3632,296.0,46.0,0.0
3633,236.0,16.0,0.0
3634,345.0,94.0,0.0
3635,255.0,40.0,0.0
3636,252.0,216.0,0.0
3637,479.0,249.0,0.0
3638,477.0,307.0,0.0
3639,603.0,307.0,0.0
3640,332.0,128.0,0.0
3641,48.0,244.0,0.0
3642,235.0,184.0,0.0
3643,3.0,4.0,0.0
3644,311.0,348.0,0.0
3645,341.0,203.0,0.0
3646,94.0,248.0,0.0
3647,622.0,93.0,0.0
3648,504.0,352.0,0.0
3649,515.0,181.0,0.0
3650,660.0,276.0,0.0
3651,327.0,155.0,0.0
3652,638.0,377.0,0.0
3653,418.0,62.0,0.0
3654,616.0,311.0,0.0
3655,397.0,11.0,0.0
3656,419.0,282.0,0.0
3657,281.0,51.0,0.0
3658,117.0,397.0,0.0
3659,375.0,346.0,0.0
3660,241.0,103.0,0.0
3661,181.0,241.0,0.0
3662,44.0,164.0,0.0
3663,499.0,221.0,0.0
3664,653.0,291.0,0.0
3665,378.0,261.0,0.0
3666,186.0,44.0,0.0
3667,348.0,106.0,0.0
3668,413.0,56.0,0.0
3669,465.0,106.0,0.0
3670,409.0,352.0,0.0
3671,367.0,205.0,0.0
3672,644.0,166.0,0.0
3673,267.0,391.0,0.0
3674,58.0,216.0,0.0
3675,107.0,114.0,0.0
3676,278.0,293.0,0.0
3677,321.0,127.0,0.0
3678,173.0,352.0,0.0
3679,214.0,312.0,0.0
3680,319.0,272.0,0.0
3681,211.0,372.0,0.0
3682,653.0,218.0,0.0
3683,406.0,146.0,0.0
3684,269.0,312.0,0.0
3685,386.0,174.0,0.0
3686,277.0,264.0,0.0
3687,526.0,343.0,0.0
3688,65.0,154.0,0.0
3689,623.0,310.0,0.0
3690,430.0,277.0,0.0
3691,240.0,114.0,0.0
3692,293.0,283.0,0.0
3693,489.0,386.0,0.0
3694,197.0,400.0,0.0
3695,559.0,25.0,0.0
3696,87.0,243.0,0.0
3697,327.0,283.0,0.0
3698,570.0,194.0,0.0
3699,188.0,52.0,0.0
3700,577.0,375.0,0.0
3701,318.0,54.0,0.0
3702,325.0,83.0,0.0
3703,237.0,124.0,0.0
3704,317.0,145.0,0.0
3705,54.0,272.0,0.0
3706,22.0,367.0,0.0
3707,351.0,281.0,0.0
3708,373.0,169.0,0.0
3709,296.0,235.0,0.0
3710,207.0,249.0,0.0
3711,646.0,45.0,0.0
3712,71.0,302.0,0.0
3713,238.0,55.0,0.0
3714,151.0,301.0,0.0
3715,405.0,332.0,0.0
3716,31.0,140.0,0.0
3717,631.0,53.0,0.0
3718,622.0,98.0,0.0
3719,310.0,286.0,0.0
3720,534.0,33.0,0.0
3721,93.0,187.0,0.0
3722,125.0,195.0,0.0
3723,283.0,150.0,0.0
3724,223.0,134.0,0.0
3725,365.0,15.0,0.0
3726,214.0,250.0,0.0
3727,17.0,328.0,0.0
3728,230.0,263.0,0.0
3729,18.0,137.0,0.0
3730,25.0,364.0,0.0
3731,253.0,387.0,0.0
3732,86.0,226.0,0.0
3733,425.0,316.0,0.0
3734,509.0,252.0,0.0
3735,610.0,113.0,0.0
3736,451.0,39.0,0.0
3737,597.0,281.0,0.0
3738,200.0,345.0,0.0
3739,605.0,352.0,0.0
3740,563.0,376.0,0.0
3741,618.0,34.0,0.0
3742,459.0,238.0,0.0
3743,284.0,240.0,0.0
3744,383.0,345.0,0.0
3745,60.0,276.0,0.0
3746,636.0,143.0,0.0
3747,25.0,283.0,0.0
3748,455.0,163.0,0.0
3749,72.0,9.0,0.0
3750,233.0,143.0,0.0
3751,283.0,66.0,0.0
3752,486.0,398.0,0.0
3753,118.0,54.0,0.0
3754,545.0,73.0,0.0
3755,609.0,119.0,0.0
3756,459.0,393.0,0.0
3757,454.0,214.0,0.0
3758,291.0,275.0,0.0
3759,618.0,105.0,0.0
3760,34.0,384.0,0.0
3761,384.0,90.0,0.0
3762,332.0,173.0,0.0
3763,547.0,183.0,0.0
3764,535.0,255.0,0.0
3765,530.0,318.0,0.0
3766,160.0,29.0,0.0
3767,335.0,138.0,0.0
3768,636.0,31.0,0.0
3769,44.0,315.0,0.0
3770,579.0,18.0,0.0
3771,187.0,233.0,0.0
3772,38.0,46.0,0.0
3773,205.0,265.0,0.0
3774,553.0,289.0,0.0
3775,88.0,335.0,0.0
3776,321.0,391.0,0.0
3777,243.0,103.0,0.0
3778,81.0,170.0,0.0
3779,422.0,84.0,0.0
3780,534.0,79.0,0.0
3781,279.0,26.0,0.0
3782,602.0,254.0,0.0
3783,54.0,289.0,0.0
3784,252.0,145.0,0.0
3785,630.0,114.0,0.0
3786,423.0,360.0,0.0
3787,211.0,360.0,0.0
3788,87.0,173.0,0.0
3789,136.0,269.0,0.0
3790,69.0,208.0,0.0
3791,461.0,62.0,0.0
3792,382.0,66.0,0.0
3793,7.0,330.0,0.0
3794,485.0,326.0,0.0
3795,187.0,337.0,0.0
3796,306.0,342.0,0.0
3797,44.0,222.0,0.0
3798,149.0,362.0,0.0
3799,180.0,398.0,0.0
3800,61.0,120.0,0.0
3801,550.0,22.0,0.0
3802,404.0,373.0,0.0
3803,371.0,229.0,0.0
3804,125.0,330.0,0.0
3805,577.0,166.0,0.0
3806,349.0,213.0,0.0
3807,305.0,57.0,0.0
3808,291.0,118.0,0.0
3809,242.0,259.0,0.0
3810,424.0,86.0,0.0
3811,560.0,255.0,0.0
3812,295.0,316.0,0.0
3813,48.0,71.0,0.0
3814,569.0,337.0,0.0
3815,74.0,90.0,0.0
3816,659.0,252.0,0.0
3817,212.0,381.0,0.0
3818,468.0,6.0,0.0
3819,212.0,323.0,0.0
3820,491.0,46.0,0.0
3821,463.0,60.0,0.0
3822,476.0,73.0,0.0
3823,364.0,5.0,0.0
3824,553.0,226.0,0.0
3825,82.0,337.0,0.0
3826,138.0,2.0,0.0
3827,33.0,162.0,0.0
3828,436.0,171.0,0.0
3829,592.0,125.0,0.0
3830,660.0,358.0,0.0
3831,203.0,9.0,0.0
3832,78.0,49.0,0.0
3833,94.0,165.0,0.0
3834,317.0,216.0,0.0
3835,507.0,375.0,0.0
3836,354.0,259.0,0.0
3837,574.0,287.0,0.0
3838,214.0,155.0,0.0
3839,574.0,168.0,0.0
3840,33.0,141.0,0.0
3841,450.0,365.0,0.0
3842,598.0,195.0,0.0
3843,435.0,388.0,0.0
3844,480.0,257.0,0.0
3845,597.0,184.0,0.0
3846,336.0,207.0,0.0
3847,295.0,154.0,0.0
3848,472.0,218.0,0.0
3849,197.0,265.0,0.0
3850,287.0,246.0,0.0
3851,291.0,222.0,0.0
3852,258.0,19.0,0.0
3853,572.0,396.0,0.0
3854,192.0,82.0,0.0
3855,105.0,386.0,0.0
3856,314.0,348.0,0.0
3857,154.0,104.0,0.0
3858,187.0,148.0,0.0
3859,657.0,393.0,0.0
3860,560.0,350.0,0.0
3861,628.0,226.0,0.0
3862,425.0,355.0,0.0
3863,524.0,300.0,0.0
3864,48.0,325.0,0.0
3865,26.0,91.0,0.0
3866,312.0,118.0,0.0
3867,301.0,42.0,0.0
3868,597.0,292.0,0.0
3869,414.0,398.0,0.0
3870,297.0,395.0,0.0
3871,164.0,288.0,0.0
3872,124.0,171.0,0.0
3873,565.0,183.0,0.0
3874,437.0,359.0,0.0
3875,617.0,218.0,0.0
3876,7.0,64.0,0.0
3877,449.0,98.0,0.0
3878,503.0,119.0,0.0
3879,414.0,196.0,0.0
3880,289.0,372.0,0.0
3881,495.0,374.0,0.0
3882,106.0,318.0,0.0
3883,447.0,82.0,0.0
3884,102.0,369.0,0.0
3885,123.0,254.0,0.0
3886,73.0,145.0,0.0
3887,601.0,165.0,0.0
3888,393.0,201.0,0.0
3889,515.0,97.0,0.0
3890,355.0,281.0,0.0
3891,560.0,247.0,0.0
3892,261.0,401.0,0.0
3893,391.0,18.0,0.0
3894,428.0,264.0,0.0
3895,656.0,128.0,0.0
3896,243.0,169.0,0.0
3897,518.0,9.0,0.0
3898,549.0,115.0,0.0
3899,363.0,131.0,0.0
3900,211.0,401.0,0.0
3901,438.0,300.0,0.0
3902,642.0,136.0,0.0
3903,381.0,276.0,0.0
3904,313.0,340.0,0.0
3905,0.0,123.0,0.0
3906,89.0,358.0,0.0
3907,578.0,212.0,0.0
3908,160.0,7.0,0.0
3909,564.0,355.0,0.0
3910,492.0,275.0,0.0
3911,606.0,273.0,0.0
3912,256.0,229.0,0.0
3913,39.0,66.0,0.0
3914,1.0,405.0,0.0
3915,286.0,208.0,0.0
3916,324.0,163.0,0.0
3917,361.0,288.0,0.0
3918,39.0,168.0,0.0
3919,333.0,47.0,0.0
3920,105.0,157.0,0.0
3921,393.0,267.0,0.0
3922,171.0,281.0,0.0
3923,250.0,31.0,0.0
3924,478.0,139.0,0.0
3925,98.0,163.0,0.0
3926,244.0,235.0,0.0
3927,518.0,270.0,0.0
3928,449.0,142.0,0.0
3929,233.0,46.0,0.0
3930,532.0,197.0,0.0
3931,155.0,276.0,0.0
3932,210.0,143.0,0.0
3933,81.0,327.0,0.0
3934,553.0,395.0,0.0
3935,210.0,188.0,0.0
3936,303.0,31.0,0.0
3937,424.0,91.0,0.0
3938,197.0,118.0,0.0
3939,279.0,147.0,0.0
3940,192.0,394.0,0.0
3941,2.0,88.0,0.0
3942,479.0,343.0,0.0
3943,142.0,329.0,0.0
3944,61.0,99.0,0.0
3945,621.0,352.0,0.0
3946,114.0,358.0,0.0
3947,571.0,34.0,0.0
3948,235.0,64.0,0.0
3949,157.0,40.0,0.0
3950,347.0,26.0,0.0
3951,41.0,305.0,0.0
3952,534.0,90.0,0.0
3953,419.0,24.0,0.0
3954,563.0,283.0,0.0
3955,365.0,210.0,0.0
3956,540.0,155.0,0.0
3957,326.0,56.0,0.0
3958,76.0,311.0,0.0
3959,150.0,104.0,0.0
3960,150.0,139.0,0.0
3961,240.0,389.0,0.0
3962,551.0,386.0,0.0
3963,583.0,272.0,0.0
3964,393.0,159.0,0.0
3965,610.0,28.0,0.0
3966,619.0,407.0,0.0
3967,91.0,36.0,0.0
3968,567.0,235.0,0.0
3969,437.0,348.0,0.0
3970,488.0,360.0,0.0
3971,143.0,235.0,0.0
3972,94.0,69.0,0.0
3973,637.0,83.0,0.0
3974,215.0,253.0,0.0
3975,394.0,143.0,0.0
3976,411.0,375.0,0.0
3977,643.0,76.0,0.0
3978,66.0,390.0,0.0
3979,654.0,95.0,0.0
3980,214.0,395.0,0.0
3981,470.0,147.0,0.0
3982,376.0,14.0,0.0
3983,631.0,212.0,0.0
3984,515.0,323.0,0.0
3985,288.0,240.0,0.0
3986,301.0,403.0,0.0
3987,97.0,379.0,0.0
3988,77.0,112.0,0.0
3989,237.0,377.0,0.0
3990,460.0,157.0,0.0
3991,365.0,168.0,0.0
3992,571.0,1.0,0.0
3993,497.0,200.0,0.0
3994,79.0,249.0,0.0
3995,33.0,114.0,0.0
3996,136.0,30.0,0.0
3997,544.0,235.0,0.0
3998,580.0,10.0,0.0
3999,336.0,196.0,0.0
4000,108.0,221.0,0.0
4001,99.0,117.0,0.0
4002,531.0,243.0,0.0
4003,399.0,120.0,0.0
4004,596.0,205.0,0.0
4005,379.0,30.0,0.0
4006,40.0,222.0,0.0
4007,150.0,186.0,0.0
4008,345.0,269.0,0.0
4009,409.0,137.0,0.0
4010,255.0,90.0,0.0
4011,644.0,281.0,0.0
4012,361.0,385.0,0.0
4013,547.0,268.0,0.0
4014,584.0,67.0,0.0
4015,595.0,284.0,0.0
4016,475.0,364.0,0.0
4017,111.0,18.0,0.0
4018,479.0,28.0,0.0
4019,588.0,396.0,0.0
4020,71.0,350.0,0.0
4021,179.0,220.0,0.0
4022,529.0,399.0,0.0
4023,631.0,407.0,0.0
4024,229.0,345.0,0.0
4025,183.0,282.0,0.0
4026,248.0,30.0,0.0
4027,108.0,301.0,0.0
4028,6.0,366.0,0.0
4029,476.0,221.0,0.0
4030,211.0,117.0,0.0
4031,231.0,193.0,0.0
4032,121.0,167.0,0.0
4033,620.0,192.0,0.0
4034,305.0,336.0,0.0
4035,612.0,206.0,0.0
4036,557.0,294.0,0.0
4037,45.0,373.0,0.0
4038,533.0,115.0,0.0
4039,615.0,55.0,0.0
4040,68.0,373.0,0.0
4041,110.0,18.0,0.0
4042,319.0,162.0,0.0
4043,270.0,199.0,0.0
4044,590.0,323.0,0.0
4045,147.0,338.0,0.0
4046,307.0,178.0,0.0
4047,377.0,226.0,0.0
4048,464.0,86.0,0.0
4049,367.0,177.0,0.0
4050,236.0,187.0,0.0
4051,635.0,281.0,0.0
4052,619.0,73.0,0.0
4053,469.0,116.0,0.0
4054,566.0,163.0,0.0
4055,122.0,364.0,0.0
4056,326.0,52.0,0.0
4057,435.0,269.0,0.0
4058,282.0,25.0,0.0
4059,610.0,139.0,0.0
4060,316.0,378.0,0.0
4061,481.0,221.0,0.0
4062,349.0,205.0,0.0
4063,109.0,68.0,0.0
4064,472.0,342.0,0.0
4065,187.0,391.0,0.0
4066,427.0,58.0,0.0
4067,224.0,102.0,0.0
4068,318.0,354.0,0.0
4069,631.0,390.0,0.0
4070,659.0,333.0,0.0
4071,45.0,330.0,0.0
4072,635.0,58.0,0.0
4073,633.0,27.0,0.0
4074,100.0,376.0,0.0
4075,538.0,54.0,0.0
4076,23.0,194.0,0.0
4077,473.0,364.0,0.0
4078,631.0,234.0,0.0
4079,5.0,113.0,0.0
4080,303.0,250.0,0.0
4081,456.0,87.0,0.0
4082,102.0,303.0,0.0
4083,625.0,0.0,0.0
4084,522.0,352.0,0.0
4085,388.0,25.0,0.0
4086,621.0,204.0,0.0
4087,448.0,249.0,0.0
4088,410.0,267.0,0.0
4089,375.0,297.0,0.0
4090,654.0,27.0,0.0
4091,233.0,393.0,0.0
4092,274.0,387.0,0.0
4093,607.0,187.0,0.0
4094,215.0,161.0,0.0
4095,512.0,259.0,0.0
4096,92.0,329.0,0.0
4097,62.0,233.0,0.0
4098,95.0,403.0,0.0
4099,372.0,332.0,0.0
4100,572.0,70.0,0.0
4101,501.0,264.0,0.0
4102,548.0,160.0,0.0
4103,557.0,358.0,0.0
4104,14.0,24.0,0.0
4105,585.0,49.0,0.0
4106,87.0,358.0,0.0
4107,167.0,311.0,0.0
4108,503.0,325.0,0.0
4109,120.0,9.0,0.0
4110,154.0,12.0,0.0
4111,411.0,25.0,0.0
4112,71.0,202.0,0.0
4113,356.0,322.0,0.0
4114,650.0,226.0,0.0
4115,289.0,65.0,0.0
4116,96.0,264.0,0.0
4117,562.0,41.0,0.0
4118,458.0,357.0,0.0
4119,316.0,288.0,0.0
4120,460.0,250.0,0.0
4121,504.0,93.0,0.0
4122,105.0,36.0,0.0
4123,64.0,38.0,0.0
4124,316.0,346.0,0.0
4125,105.0,58.0,0.0
4126,658.0,65.0,0.0
4127,489.0,358.0,0.0
4128,125.0,273.0,0.0
4129,150.0,136.0,0.0
4130,360.0,259.0,0.0
4131,287.0,405.0,0.0
4132,303.0,325.0,0.0
4133,312.0,21.0,0.0
4134,232.0,87.0,0.0
4135,458.0,181.0,0.0
4136,487.0,95.0,0.0
4137,586.0,395.0,0.0
4138,162.0,32.0,0.0
4139,661.0,132.0,0.0
4140,57.0,357.0,0.0
4141,387.0,216.0,0.0
4142,1.0,191.0,0.0
4143,169.0,184.0,0.0
4144,216.0,330.0,0.0
4145,599.0,228.0,0.0
4146,378.0,117.0,0.0
4147,420.0,166.0,0.0
4148,168.0,305.0,0.0
4149,173.0,379.0,0.0
4150,111.0,90.0,0.0
4151,611.0,233.0,0.0
4152,284.0,276.0,0.0
4153,446.0,404.0,0.0
4154,519.0,218.0,0.0
4155,301.0,305.0,0.0
4156,631.0,15.0,0.0
4157,92.0,307.0,0.0
4158,38.0,168.0,0.0
4159,318.0,382.0,0.0
4160,416.0,89.0,0.0
4161,24.0,42.0,0.0
4162,631.0,91.0,0.0
4163,489.0,237.0,0.0
4164,218.0,261.0,0.0
4165,596.0,132.0,0.0
4166,648.0,319.0,0.0
4167,164.0,247.0,0.0
4168,635.0,3.0,0.0
4169,519.0,305.0,0.0
4170,181.0,260.0,0.0
4171,278.0,352.0,0.0
4172,459.0,254.0,0.0
4173,172.0,343.0,0.0
4174,330.0,250.0,0.0
4175,299.0,206.0,0.0
4176,78.0,260.0,0.0
4177,503.0,276.0,0.0
4178,160.0,167.0,0.0
4179,318.0,364.0,0.0
4180,334.0,280.0,0.0
4181,198.0,197.0,0.0
4182,74.0,377.0,0.0
4183,459.0,250.0,0.0
4184,225.0,390.0,0.0
4185,268.0,288.0,0.0
4186,536.0,402.0,0.0
4187,98.0,249.0,0.0
4188,356.0,3.0,0.0
4189,113.0,225.0,0.0
4190,328.0,42.0,0.0
4191,264.0,195.0,0.0
4192,4.0,399.0,0.0
4193,357.0,400.0,0.0
4194,17.0,253.0,0.0
4195,579.0,218.0,0.0
4196,331.0,269.0,0.0
4197,145.0,138.0,0.0
4198,41.0,328.0,0.0
4199,601.0,131.0,0.0
4200,18.0,369.0,0.0
4201,135.0,268.0,0.0
4202,209.0,92.0,0.0
4203,85.0,132.0,0.0
4204,656.0,209.0,0.0
4205,165.0,45.0,0.0
4206,37.0,306.0,0.0
4207,480.0,143.0,0.0
4208,97.0,307.0,0.0
4209,604.0,57.0,0.0
4210,112.0,245.0,0.0
4211,297.0,156.0,0.0
4212,147.0,23.0,0.0
4213,61.0,406.0,0.0
4214,91.0,139.0,0.0
4215,235.0,15.0,0.0
4216,365.0,68.0,0.0
4217,380.0,368.0,0.0
4218,186.0,280.0,0.0
4219,353.0,275.0,0.0
4220,196.0,178.0,0.0
4221,210.0,358.0,0.0
4222,566.0,159.0,0.0
4223,50.0,26.0,0.0
4224,531.0,345.0,0.0
4225,193.0,386.0,0.0
4226,413.0,86.0,0.0
4227,168.0,50.0,0.0
4228,625.0,219.0,0.0
4229,376.0,351.0,0.0
4230,432.0,275.0,0.0
4231,357.0,78.0,0.0
4232,9.0,143.0,0.0
4233,619.0,186.0,0.0
4234,561.0,116.0,0.0
4235,221.0,215.0,0.0
4236,435.0,142.0,0.0
4237,504.0,207.0,0.0
4238,607.0,77.0,0.0
4239,301.0,351.0,0.0
4240,161.0,327.0,0.0
4241,206.0,104.0,0.0
4242,578.0,337.0,0.0
4243,39.0,84.0,0.0
4244,430.0,398.0,0.0
4245,116.0,240.0,0.0
4246,612.0,30.0,0.0
4247,283.0,223.0,0.0
4248,644.0,229.0,0.0
4249,52.0,308.0,0.0
4250,243.0,7.0,0.0
4251,176.0,92.0,0.0
4252,499.0,74.0,0.0
4253,70.0,5.0,0.0
4254,163.0,191.0,0.0
4255,509.0,204.0,0.0
4256,127.0,19.0,0.0
4257,431.0,196.0,0.0
4258,661.0,119.0,0.0
4259,355.0,310.0,0.0
4260,547.0,194.0,0.0
4261,591.0,76.0,0.0
4262,172.0,239.0,0.0
4263,17.0,283.0,0.0
4264,578.0,281.0,0.0
4265,650.0,321.0,0.0
4266,23.0,298.0,0.0
4267,255.0,336.0,0.0
4268,6.0,212.0,0.0
4269,517.0,5.0,0.0
4270,474.0,7.0,0.0
4271,198.0,377.0,0.0
4272,387.0,225.0,0.0
4273,288.0,171.0,0.0
4274,123.0,313.0,0.0
4275,530.0,284.0,0.0
4276,485.0,137.0,0.0
4277,493.0,74.0,0.0
4278,277.0,221.0,0.0
4279,635.0,129.0,0.0
4280,62.0,242.0,0.0
4281,543.0,58.0,0.0
4282,419.0,337.0,0.0
4283,649.0,392.0,0.0
4284,364.0,284.0,0.0
4285,121.0,369.0,0.0
4286,124.0,33.0,0.0
4287,592.0,40.0,0.0
4288,179.0,178.0,0.0
4289,451.0,335.0,0.0
4290,395.0,244.0,0.0
4291,652.0,56.0,0.0
4292,658.0,164.0,0.0
4293,121.0,389.0,0.0
4294,461.0,174.0,0.0
4295,68.0,344.0,0.0
4296,103.0,62.0,0.0
4297,333.0,280.0,0.0
4298,185.0,25.0,0.0
4299,191.0,127.0,0.0
4300,658.0,328.0,0.0
4301,508.0,407.0,0.0
4302,30.0,114.0,0.0
4303,122.0,223.0,0.0
4304,380.0,138.0,0.0
4305,594.0,71.0,0.0
4306,88.0,155.0,0.0
4307,471.0,246.0,0.0
4308,288.0,263.0,0.0
4309,621.0,43.0,0.0
4310,146.0,271.0,0.0
4311,633.0,390.0,0.0
4312,125.0,378.0,0.0
4313,577.0,149.0,0.0
4314,34.0,246.0,0.0
4315,517.0,339.0,0.0
4316,365.0,113.0,0.0
4317,159.0,14.0,0.0
4318,446.0,308.0,0.0
4319,518.0,185.0,0.0
4320,492.0,303.0,0.0
4321,124.0,4.0,0.0
4322,77.0,295.0,0.0
4323,98.0,239.0,0.0
4324,656.0,383.0,0.0
4325,325.0,297.0,0.0
4326,56.0,286.0,0.0
4327,360.0,56.0,0.0
4328,334.0,228.0,0.0
4329,372.0,69.0,0.0
4330,218.0,146.0,0.0
4331,623.0,341.0,0.0
4332,267.0,396.0,0.0
4333,48.0,339.0,0.0
4334,39.0,246.0,0.0
4335,409.0,268.0,0.0
4336,186.0,341.0,0.0
4337,528.0,319.0,0.0
4338,534.0,211.0,0.0
4339,523.0,176.0,0.0
4340,304.0,27.0,0.0
4341,169.0,364.0,0.0
4342,314.0,243.0,0.0
4343,385.0,132.0,0.0
4344,491.0,45.0,0.0
4345,527.0,183.0,0.0
4346,251.0,52.0,0.0
4347,68.0,162.0,0.0
4348,148.0,4.0,0.0
4349,55.0,29.0,0.0
4350,510.0,302.0,0.0
4351,660.0,113.0,0.0
4352,96.0,99.0,0.0
4353,610.0,290.0,0.0
4354,211.0,378.0,0.0
4355,398.0,256.0,0.0
4356,318.0,179.0,0.0
4357,517.0,74.0,0.0
4358,219.0,302.0,0.0
4359,483.0,376.0,0.0
4360,637.0,258.0,0.0
4361,603.0,204.0,0.0
4362,4.0,202.0,0.0
4363,661.0,308.0,0.0
4364,620.0,365.0,0.0
4365,299.0,402.0,0.0
4366,59.0,304.0,0.0
4367,81.0,193.0,0.0
4368,626.0,173.0,0.0
4369,226.0,148.0,0.0
4370,283.0,122.0,0.0
4371,397.0,403.0,0.0
4372,583.0,109.0,0.0
4373,112.0,342.0,0.0
4374,1.0,18.0,0.0
4375,237.0,86.0,0.0
4376,25.0,112.0,0.0
4377,257.0,352.0,0.0
4378,120.0,279.0,0.0
4379,562.0,56.0,0.0
4380,389.0,224.0,0.0
4381,173.0,41.0,0.0
4382,107.0,97.0,0.0
4383,628.0,195.0,0.0
4384,63.0,266.0,0.0
4385,350.0,222.0,0.0
4386,180.0,39.0,0.0
4387,82.0,73.0,0.0
4388,646.0,319.0,0.0
4389,640.0,107.0,0.0
4390,320.0,247.0,0.0
4391,398.0,168.0,0.0
4392,74.0,110.0,0.0
4393,137.0,267.0,0.0
4394,414.0,281.0,0.0
4395,286.0,14.0,0.0
4396,438.0,256.0,0.0
4397,158.0,138.0,0.0
4398,23.0,107.0,0.0
4399,458.0,311.0,0.0
4400,166.0,340.0,0.0
4401,191.0,398.0,0.0
4402,48.0,92.0,0.0
4403,83.0,348.0,0.0
4404,384.0,117.0,0.0
4405,193.0,180.0,0.0
4406,431.0,345.0,0.0
4407,210.0,36.0,0.0
4408,328.0,28.0,0.0
4409,211.0,337.0,0.0
4410,244.0,214.0,0.0
4411,494.0,244.0,0.0
4412,584.0,106.0,0.0
4413,342.0,263.0,0.0
4414,641.0,266.0,0.0
4415,376.0,341.0,0.0
4416,9.0,41.0,0.0
4417,420.0,254.0,0.0
4418,502.0,152.0,0.0
4419,194.0,187.0,0.0
4420,156.0,333.0,0.0
4421,516.0,4.0,0.0
4422,101.0,81.0,0.0
4423,297.0,217.0,0.0
4424,396.0,342.0,0.0
4425,546.0,336.0,0.0
4426,419.0,385.0,0.0
4427,596.0,19.0,0.0
4428,412.0,178.0,0.0
4429,464.0,358.0,0.0
4430,132.0,301.0,0.0
4431,35.0,377.0,0.0
4432,111.0,25.0,0.0
4433,35.0,284.0,0.0
4434,396.0,207.0,0.0
4435,276.0,334.0,0.0
4436,128.0,142.0,0.0
4437,613.0,246.0,0.0
4438,365.0,322.0,0.0
4439,119.0,226.0,0.0
4440,599.0,406.0,0.0
4441,93.0,110.0,0.0
4442,112.0,116.0,0.0
4443,517.0,159.0,0.0
4444,422.0,168.0,0.0
4445,112.0,395.0,0.0
4446,457.0,240.0,0.0
4447,241.0,248.0,0.0
4448,566.0,143.0,0.0
4449,95.0,275.0,0.0
4450,582.0,171.0,0.0
4451,506.0,288.0,0.0
4452,281.0,262.0,0.0
4453,356.0,109.0,0.0
4454,599.0,96.0,0.0
4455,22.0,194.0,0.0
4456,32.0,49.0,0.0
4457,339.0,53.0,0.0
4458,555.0,286.0,0.0
4459,279.0,124.0,0.0
4460,437.0,194.0,0.0
4461,218.0,220.0,0.0
4462,163.0,141.0,0.0
4463,439.0,194.0,0.0
4464,536.0,18.0,0.0
4465,212.0,7.0,0.0
4466,145.0,102.0,0.0
4467,218.0,224.0,0.0
4468,377.0,281.0,0.0
4469,80.0,160.0,0.0
4470,594.0,100.0,0.0
4471,186.0,80.0,0.0
4472,257.0,343.0,0.0
4473,513.0,173.0,0.0
4474,383.0,61.0,0.0
4475,12.0,142.0,0.0
4476,428.0,377.0,0.0
4477,636.0,370.0,0.0
4478,289.0,296.0,0.0
4479,89.0,128.0,0.0
4480,303.0,73.0,0.0
4481,337.0,15.0,0.0
4482,147.0,239.0,0.0
4483,618.0,195.0,0.0
4484,382.0,77.0,0.0
4485,7.0,216.0,0.0
4486,219.0,325.0,0.0
4487,497.0,67.0,0.0
4488,330.0,92.0,0.0
4489,139.0,171.0,0.0
4490,180.0,384.0,0.0
4491,421.0,229.0,0.0
4492,47.0,88.0,0.0
4493,5.0,185.0,0.0
4494,228.0,380.0,0.0
4495,607.0,406.0,0.0
4496,390.0,374.0,0.0
4497,479.0,83.0,0.0
4498,405.0,309.0,0.0
4499,18.0,255.0,0.0
4500,334.0,242.0,0.0
4501,188.0,76.0,0.0
4502,506.0,401.0,0.0
4503,279.0,198.0,0.0
4504,12.0,197.0,0.0
4505,472.0,259.0,0.0
4506,153.0,36.0,0.0
4507,187.0,45.0,0.0
4508,284.0,96.0,0.0
4509,576.0,155.0,0.0
4510,363.0,332.0,0.0
4511,611.0,305.0,0.0
4512,462.0,285.0,0.0
4513,535.0,292.0,0.0
4514,112.0,151.0,0.0
4515,327.0,367.0,0.0
4516,69.0,185.0,0.0
4517,342.0,293.0,0.0
4518,385.0,208.0,0.0
4519,594.0,166.0,0.0
4520,586.0,277.0,0.0
4521,259.0,350.0,0.0
4522,633.0,67.0,0.0
4523,275.0,262.0,0.0
4524,113.0,156.0,0.0
4525,14.0,145.0,0.0
4526,568.0,97.0,0.0
4527,17.0,73.0,0.0
4528,349.0,382.0,0.0
4529,336.0,399.0,0.0
4530,368.0,236.0,0.0
4531,322.0,242.0,0.0
4532,131.0,403.0,0.0
4533,502.0,208.0,0.0
4534,41.0,210.0,0.0
4535,443.0,218.0,0.0
4536,241.0,192.0,0.0
4537,543.0,103.0,0.0
4538,401.0,51.0,0.0
4539,510.0,259.0,0.0
4540,133.0,348.0,0.0
4541,181.0,95.0,0.0
4542,195.0,66.0,0.0
4543,598.0,234.0,0.0
4544,393.0,256.0,0.0
4545,367.0,5.0,0.0
4546,588.0,215.0,0.0
4547,439.0,17.0,0.0
4548,208.0,249.0,0.0
4549,59.0,369.0,0.0
4550,59.0,97.0,0.0
4551,578.0,169.0,0.0
4552,593.0,276.0,0.0
4553,220.0,285.0,0.0
4554,350.0,153.0,0.0
4555,233.0,192.0,0.0
4556,212.0,97.0,0.0
